2026-07-21T03:05:23Z INF Starting tunnel tunnelID=7f73e869-98c2-49f0-9d8f-f9e25557a385
2026-07-21T03:05:23Z INF Version 2026.7.2 (Checksum c647bfd58ab7fa562d47061853321eb78b7205b110a45fff8f3c53196f3986a5)
2026-07-21T03:05:23Z INF GOOS: darwin, GOVersion: go1.26.5, GoArch: arm64
2026-07-21T03:05:23Z INF Settings: map[cred-file:/Users/bob/.cloudflared/7f73e869-98c2-49f0-9d8f-f9e25557a385.json credentials-file:/Users/bob/.cloudflared/7f73e869-98c2-49f0-9d8f-f9e25557a385.json]
2026-07-21T03:05:23Z INF cloudflared will not automatically update if installed by a package manager.
2026-07-21T03:05:23Z INF Generated Connector ID: 9da9fa98-13b6-47db-8dc0-e8f528f02c1f
2026-07-21T03:05:23Z INF Initial protocol quic
2026-07-21T03:05:23Z INF ICMP proxy will use 192.168.1.193 as source for IPv4
2026-07-21T03:05:23Z INF ICMP proxy will use fe80::1435:4b14:5afd:979e in zone en0 as source for IPv6
2026-07-21T03:05:23Z INF Created ICMP proxy listening on 192.168.1.193:0
2026-07-21T03:05:23Z INF ICMP proxy will use 192.168.1.193 as source for IPv4
2026-07-21T03:05:23Z INF ICMP proxy will use fe80::1435:4b14:5afd:979e in zone en0 as source for IPv6
2026-07-21T03:05:23Z INF Starting metrics server on 127.0.0.1:20241/metrics
2026-07-21T03:05:23Z INF Tunnel connection curve preferences: [X25519MLKEM768 CurveID(65074) CurveP256] connIndex=0 event=0 ip=2606:4700:a0::9
2026-07-21T03:05:24Z INF +-------------------------------------------------------------------------------------+
2026-07-21T03:05:24Z INF |                               CONNECTIVITY PRE-CHECKS                               |
2026-07-21T03:05:24Z INF +-------------------------------------------------------------------------------------+
2026-07-21T03:05:24Z INF |  COMPONENT         TARGET                     STATUS  DETAILS                       |
2026-07-21T03:05:24Z INF |  DNS Resolution    region1.v2.argotunnel.com  PASS    DNS Resolved successfully     |
2026-07-21T03:05:24Z INF |  DNS Resolution    region2.v2.argotunnel.com  PASS    DNS Resolved successfully     |
2026-07-21T03:05:24Z INF |  UDP Connectivity  region1.v2.argotunnel.com  PASS    QUIC connection successful    |
2026-07-21T03:05:24Z INF |  UDP Connectivity  region2.v2.argotunnel.com  PASS    QUIC connection successful    |
2026-07-21T03:05:24Z INF |  TCP Connectivity  region1.v2.argotunnel.com  PASS    HTTP/2 connection successful  |
2026-07-21T03:05:24Z INF |  TCP Connectivity  region2.v2.argotunnel.com  PASS    HTTP/2 connection successful  |
2026-07-21T03:05:24Z INF |  Cloudflare API    api.cloudflare.com:443     PASS    API is reachable              |
2026-07-21T03:05:24Z INF |                                                                                     |
2026-07-21T03:05:24Z INF |  SUMMARY: Environment is healthy. cloudflared will use 'quic' as primary protocol.  |
2026-07-21T03:05:24Z INF +-------------------------------------------------------------------------------------+
2026-07-21T03:05:24Z INF precheck component="DNS Resolution" details="DNS Resolved successfully" run_id=f290f483-800e-4202-a075-4f8e6f63e875 status=pass target=region1.v2.argotunnel.com
2026-07-21T03:05:24Z INF precheck component="DNS Resolution" details="DNS Resolved successfully" run_id=f290f483-800e-4202-a075-4f8e6f63e875 status=pass target=region2.v2.argotunnel.com
2026-07-21T03:05:24Z INF precheck component="UDP Connectivity" details="QUIC connection successful" run_id=f290f483-800e-4202-a075-4f8e6f63e875 status=pass target=region1.v2.argotunnel.com
2026-07-21T03:05:24Z INF precheck component="UDP Connectivity" details="QUIC connection successful" run_id=f290f483-800e-4202-a075-4f8e6f63e875 status=pass target=region2.v2.argotunnel.com
2026-07-21T03:05:24Z INF precheck component="TCP Connectivity" details="HTTP/2 connection successful" run_id=f290f483-800e-4202-a075-4f8e6f63e875 status=pass target=region1.v2.argotunnel.com
2026-07-21T03:05:24Z INF precheck component="TCP Connectivity" details="HTTP/2 connection successful" run_id=f290f483-800e-4202-a075-4f8e6f63e875 status=pass target=region2.v2.argotunnel.com
2026-07-21T03:05:24Z INF precheck component="Cloudflare API" details="API is reachable" run_id=f290f483-800e-4202-a075-4f8e6f63e875 status=pass target=api.cloudflare.com:443
2026-07-21T03:05:24Z INF precheck complete hard_fail=false run_id=f290f483-800e-4202-a075-4f8e6f63e875 suggested_protocol=quic
2026-07-21T03:05:24Z INF Registered tunnel connection connIndex=0 connection=806d7331-adf4-4998-905e-544c9126e464 event=0 ip=2606:4700:a0::9 location=ewr11 protocol=quic
2026-07-21T03:05:24Z INF Tunnel connection curve preferences: [X25519MLKEM768 CurveID(65074) CurveP256] connIndex=1 event=0 ip=2606:4700:a8::9
2026-07-21T03:05:24Z INF Registered tunnel connection connIndex=1 connection=58e865b2-cf23-45ff-9d9e-fb79ca07a58b event=0 ip=2606:4700:a8::9 location=ewr16 protocol=quic
2026-07-21T03:05:25Z INF Tunnel connection curve preferences: [X25519MLKEM768 CurveID(65074) CurveP256] connIndex=2 event=0 ip=2606:4700:a8::2
2026-07-21T03:05:25Z INF Registered tunnel connection connIndex=2 connection=ee274f3e-0e8f-45f3-b506-bce2187509b4 event=0 ip=2606:4700:a8::2 location=ewr14 protocol=quic
2026-07-21T03:05:26Z INF Tunnel connection curve preferences: [X25519MLKEM768 CurveID(65074) CurveP256] connIndex=3 event=0 ip=2606:4700:a0::7
2026-07-21T03:05:26Z INF Registered tunnel connection connIndex=3 connection=e8e60d36-fd84-4a63-9dfc-19ab1b38b9dd event=0 ip=2606:4700:a0::7 location=ewr11 protocol=quic
2026-07-21T18:02:43Z ERR failed to run the datagram handler error="timeout: no recent network activity" connIndex=2 event=0 ip=2606:4700:a8::2
2026-07-21T18:02:43Z ERR failed to run the datagram handler error="timeout: no recent network activity" connIndex=1 event=0 ip=2606:4700:a8::9
2026-07-21T18:02:43Z ERR failed to accept incoming stream requests error="failed to accept QUIC stream: timeout: no recent network activity" connIndex=2 event=0 ip=2606:4700:a8::2
2026-07-21T18:02:44Z ERR failed to run the datagram handler error="write udp6 [::]:58081->[2606:4700:a0::7]:7844: sendmsg: no route to host" connIndex=3 event=0 ip=2606:4700:a0::7
2026-07-21T18:02:43Z ERR failed to run the datagram handler error="timeout: no recent network activity" connIndex=0 event=0 ip=2606:4700:a0::9
2026-07-21T18:02:44Z ERR failed to accept incoming stream requests error="failed to accept QUIC stream: write udp6 [::]:58081->[2606:4700:a0::7]:7844: sendmsg: no route to host" connIndex=3 event=0 ip=2606:4700:a0::7
2026-07-21T18:02:43Z ERR failed to accept incoming stream requests error="failed to accept QUIC stream: timeout: no recent network activity" connIndex=1 event=0 ip=2606:4700:a8::9
2026-07-21T18:02:43Z ERR failed to accept incoming stream requests error="failed to accept QUIC stream: timeout: no recent network activity" connIndex=0 event=0 ip=2606:4700:a0::9
2026-07-21T18:02:47Z ERR failed to serve tunnel connection error="datagram manager encountered a failure while serving" connIndex=1 event=0 ip=2606:4700:a8::9
2026-07-21T18:02:47Z ERR failed to serve tunnel connection error="datagram manager encountered a failure while serving" connIndex=2 event=0 ip=2606:4700:a8::2
2026-07-21T18:02:47Z ERR failed to serve tunnel connection error="accept stream listener encountered a failure while serving" connIndex=0 event=0 ip=2606:4700:a0::9
2026-07-21T18:02:47Z ERR failed to serve tunnel connection error="accept stream listener encountered a failure while serving" connIndex=3 event=0 ip=2606:4700:a0::7
2026-07-21T18:02:47Z ERR Serve tunnel error error="datagram manager encountered a failure while serving" connIndex=1 event=0 ip=2606:4700:a8::9
2026-07-21T18:02:47Z INF Retrying connection in up to 1s connIndex=1 event=0 ip=2606:4700:a8::9
2026-07-21T18:02:47Z ERR Serve tunnel error error="datagram manager encountered a failure while serving" connIndex=2 event=0 ip=2606:4700:a8::2
2026-07-21T18:02:47Z ERR Serve tunnel error error="accept stream listener encountered a failure while serving" connIndex=0 event=0 ip=2606:4700:a0::9
2026-07-21T18:02:47Z ERR Serve tunnel error error="accept stream listener encountered a failure while serving" connIndex=3 event=0 ip=2606:4700:a0::7
2026-07-21T18:02:47Z INF Retrying connection in up to 1s connIndex=0 event=0 ip=2606:4700:a0::9
2026-07-21T18:02:47Z INF Retrying connection in up to 1s connIndex=2 event=0 ip=2606:4700:a8::2
2026-07-21T18:02:47Z INF Retrying connection in up to 1s connIndex=3 event=0 ip=2606:4700:a0::7
2026-07-21T18:02:48Z ERR Failed to refresh protocol error="lookup protocol-v2.argotunnel.com on [::1]:53: read udp [::1]:59688->[::1]:53: read: connection refused"
2026-07-21T18:02:48Z ERR Failed to refresh protocol error="lookup protocol-v2.argotunnel.com on [::1]:53: read udp [::1]:53401->[::1]:53: read: connection refused"
2026-07-21T18:02:48Z ERR Failed to refresh protocol error="lookup protocol-v2.argotunnel.com on [::1]:53: read udp [::1]:58694->[::1]:53: read: connection refused"
2026-07-21T18:02:48Z ERR Connection terminated error="datagram manager encountered a failure while serving" connIndex=1
2026-07-21T18:02:48Z ERR Connection terminated error="accept stream listener encountered a failure while serving" connIndex=3
2026-07-21T18:02:49Z INF Tunnel connection curve preferences: [X25519MLKEM768 CurveID(65074) CurveP256] connIndex=0 event=0 ip=2606:4700:a0::9
2026-07-21T18:02:49Z ERR Failed to refresh protocol error="lookup protocol-v2.argotunnel.com on [::1]:53: read udp [::1]:59338->[::1]:53: read: connection refused"
2026-07-21T18:02:49Z ERR Connection terminated error="datagram manager encountered a failure while serving" connIndex=2
2026-07-21T18:03:02Z INF Tunnel connection curve preferences: [X25519MLKEM768 CurveID(65074) CurveP256] connIndex=3 event=0 ip=2606:4700:a0::7
2026-07-21T18:03:02Z INF Tunnel connection curve preferences: [X25519MLKEM768 CurveID(65074) CurveP256] connIndex=2 event=0 ip=2606:4700:a8::2
2026-07-21T18:03:02Z INF Tunnel connection curve preferences: [X25519MLKEM768 CurveID(65074) CurveP256] connIndex=1 event=0 ip=2606:4700:a8::9
2026-07-21T18:03:06Z INF Registered tunnel connection connIndex=2 connection=df7c3981-b416-49b6-85a6-c1555ced4569 event=0 ip=2606:4700:a8::2 location=ewr16 protocol=quic
2026-07-21T18:03:06Z INF Registered tunnel connection connIndex=1 connection=61d763ca-fffe-4430-b6ef-9832f63ead23 event=0 ip=2606:4700:a8::9 location=ewr16 protocol=quic
2026-07-21T18:03:06Z INF Registered tunnel connection connIndex=0 connection=fe747fb4-4bc9-4ce7-9483-41b13b2bed9f event=0 ip=2606:4700:a0::9 location=ewr05 protocol=quic
2026-07-21T18:03:06Z INF Registered tunnel connection connIndex=3 connection=cf472828-38f6-417d-aefe-93054c10457a event=0 ip=2606:4700:a0::7 location=ewr05 protocol=quic
2026-07-21T18:47:29Z ERR  error="stream 85 canceled by remote with error code 0" connIndex=2 event=1 ingressRule=0 originService=http://localhost:8800
2026-07-21T18:47:29Z ERR Request failed error="stream 85 canceled by remote with error code 0" connIndex=2 dest=https://pharos.lighthousemacro.com/d/structure event=0 ip=2606:4700:a8::2 type=http
2026-07-21T18:51:49Z ERR  error="Incoming request ended abruptly: context canceled" connIndex=3 event=1 ingressRule=0 originService=http://localhost:8800
2026-07-21T18:51:49Z ERR Request failed error="Incoming request ended abruptly: context canceled" connIndex=3 dest=http://pharos.lighthousemacro.com/ event=0 ip=2606:4700:a0::7 type=http
2026-07-21T20:20:49Z ERR  error="Incoming request ended abruptly: context canceled" connIndex=3 event=1 ingressRule=0 originService=http://localhost:8800
2026-07-21T20:20:49Z ERR Request failed error="Incoming request ended abruptly: context canceled" connIndex=3 dest=http://pharos.lighthousemacro.com/ event=0 ip=2606:4700:a0::7 type=http
2026-07-21T21:14:01Z ERR  error="Incoming request ended abruptly: context canceled" connIndex=3 event=1 ingressRule=0 originService=http://localhost:8800
2026-07-21T21:14:01Z ERR Request failed error="Incoming request ended abruptly: context canceled" connIndex=3 dest=https://pharos.lighthousemacro.com/d/labor event=0 ip=2606:4700:a0::7 type=http
2026-07-21T21:35:52Z ERR  error="Error writing response header: stream 105 canceled by remote with error code 0" connIndex=3 event=1 ingressRule=0 originService=http://localhost:8800
2026-07-21T21:35:52Z ERR Request failed error="Error writing response header: stream 105 canceled by remote with error code 0" connIndex=3 dest=http://pharos.lighthousemacro.com/?utm_source=substack&utm_medium=email event=0 ip=2606:4700:a0::7 type=http
2026-07-22T01:54:44Z ERR failed to accept incoming stream requests error="failed to accept QUIC stream: timeout: no recent network activity" connIndex=2 event=0 ip=2606:4700:a8::2
2026-07-22T01:54:44Z ERR failed to run the datagram handler error="timeout: no recent network activity" connIndex=0 event=0 ip=2606:4700:a0::9
2026-07-22T01:54:44Z ERR failed to run the datagram handler error="timeout: no recent network activity" connIndex=1 event=0 ip=2606:4700:a8::9
2026-07-22T01:54:44Z ERR failed to run the datagram handler error="timeout: no recent network activity" connIndex=3 event=0 ip=2606:4700:a0::7
2026-07-22T01:54:44Z ERR failed to accept incoming stream requests error="failed to accept QUIC stream: timeout: no recent network activity" connIndex=3 event=0 ip=2606:4700:a0::7
2026-07-22T01:54:44Z ERR failed to accept incoming stream requests error="failed to accept QUIC stream: timeout: no recent network activity" connIndex=1 event=0 ip=2606:4700:a8::9
2026-07-22T01:54:44Z ERR failed to accept incoming stream requests error="failed to accept QUIC stream: timeout: no recent network activity" connIndex=0 event=0 ip=2606:4700:a0::9
2026-07-22T01:54:44Z ERR failed to run the datagram handler error="timeout: no recent network activity" connIndex=2 event=0 ip=2606:4700:a8::2
2026-07-22T01:54:44Z ERR failed to serve tunnel connection error="datagram manager encountered a failure while serving" connIndex=0 event=0 ip=2606:4700:a0::9
2026-07-22T01:54:44Z ERR failed to serve tunnel connection error="accept stream listener encountered a failure while serving" connIndex=2 event=0 ip=2606:4700:a8::2
2026-07-22T01:54:44Z ERR Serve tunnel error error="datagram manager encountered a failure while serving" connIndex=0 event=0 ip=2606:4700:a0::9
2026-07-22T01:54:44Z ERR Serve tunnel error error="accept stream listener encountered a failure while serving" connIndex=2 event=0 ip=2606:4700:a8::2
2026-07-22T01:54:44Z ERR failed to serve tunnel connection error="datagram manager encountered a failure while serving" connIndex=3 event=0 ip=2606:4700:a0::7
2026-07-22T01:54:44Z ERR Serve tunnel error error="datagram manager encountered a failure while serving" connIndex=3 event=0 ip=2606:4700:a0::7
2026-07-22T01:54:44Z ERR failed to serve tunnel connection error="datagram manager encountered a failure while serving" connIndex=1 event=0 ip=2606:4700:a8::9
2026-07-22T01:54:44Z INF Retrying connection in up to 1s connIndex=3 event=0 ip=2606:4700:a0::7
2026-07-22T01:54:44Z INF Retrying connection in up to 1s connIndex=0 event=0 ip=2606:4700:a0::9
2026-07-22T01:54:44Z INF Retrying connection in up to 1s connIndex=2 event=0 ip=2606:4700:a8::2
2026-07-22T01:54:44Z ERR Serve tunnel error error="datagram manager encountered a failure while serving" connIndex=1 event=0 ip=2606:4700:a8::9
2026-07-22T01:54:44Z INF Retrying connection in up to 1s connIndex=1 event=0 ip=2606:4700:a8::9
2026-07-22T01:54:45Z ERR Failed to refresh protocol error="lookup protocol-v2.argotunnel.com on [::1]:53: read udp [::1]:51806->[::1]:53: read: connection refused"
2026-07-22T01:54:45Z ERR Connection terminated error="accept stream listener encountered a failure while serving" connIndex=2
2026-07-22T01:54:45Z ERR Failed to refresh protocol error="lookup protocol-v2.argotunnel.com on [::1]:53: read udp [::1]:59101->[::1]:53: read: connection refused"
2026-07-22T01:54:45Z ERR Connection terminated error="datagram manager encountered a failure while serving" connIndex=3
2026-07-22T01:54:45Z ERR Failed to refresh protocol error="lookup protocol-v2.argotunnel.com on [::1]:53: read udp [::1]:60253->[::1]:53: read: connection refused"
2026-07-22T01:54:45Z INF Tunnel connection curve preferences: [X25519MLKEM768 CurveID(65074) CurveP256] connIndex=0 event=0 ip=2606:4700:a0::9
2026-07-22T01:54:46Z ERR Failed to refresh protocol error="lookup protocol-v2.argotunnel.com on [::1]:53: read udp [::1]:61820->[::1]:53: read: connection refused"
2026-07-22T01:54:46Z ERR Connection terminated error="datagram manager encountered a failure while serving" connIndex=1
2026-07-22T01:54:50Z INF Registered tunnel connection connIndex=0 connection=23f2180c-3a2c-4169-979d-efdd7f95516e event=0 ip=2606:4700:a0::9 location=ewr05 protocol=quic
2026-07-22T01:54:51Z INF Tunnel connection curve preferences: [X25519MLKEM768 CurveID(65074) CurveP256] connIndex=1 event=0 ip=2606:4700:a8::9
2026-07-22T01:54:51Z INF Tunnel connection curve preferences: [X25519MLKEM768 CurveID(65074) CurveP256] connIndex=3 event=0 ip=2606:4700:a0::7
2026-07-22T01:54:51Z INF Tunnel connection curve preferences: [X25519MLKEM768 CurveID(65074) CurveP256] connIndex=2 event=0 ip=2606:4700:a8::2
2026-07-22T01:54:51Z INF Registered tunnel connection connIndex=3 connection=89a6d09c-a3dd-472b-9a71-ebb1c744ca60 event=0 ip=2606:4700:a0::7 location=ewr05 protocol=quic
2026-07-22T01:54:52Z INF Registered tunnel connection connIndex=2 connection=8c564ff8-8672-4c04-9c7f-0cd031e0cb6b event=0 ip=2606:4700:a8::2 location=ewr12 protocol=quic
2026-07-22T01:54:52Z INF Registered tunnel connection connIndex=1 connection=f6fc0fde-1cff-4e5d-8a30-f12cefaf9f7f event=0 ip=2606:4700:a8::9 location=ewr15 protocol=quic
2026-07-22T01:58:00Z ERR  error="stream 25 canceled by remote with error code 0" connIndex=2 event=1 ingressRule=0 originService=http://localhost:8800
2026-07-22T01:58:00Z ERR Request failed error="stream 25 canceled by remote with error code 0" connIndex=2 dest=https://pharos.lighthousemacro.com/d/the-watch event=0 ip=2606:4700:a8::2 type=http
2026-07-22T02:01:29Z ERR  error="stream 49 canceled by remote with error code 0" connIndex=2 event=1 ingressRule=0 originService=http://localhost:8800
2026-07-22T02:01:29Z ERR  error="stream 53 canceled by remote with error code 0" connIndex=2 event=1 ingressRule=0 originService=http://localhost:8800
2026-07-22T02:01:29Z ERR Request failed error="stream 49 canceled by remote with error code 0" connIndex=2 dest=https://pharos.lighthousemacro.com/d/consumer event=0 ip=2606:4700:a8::2 type=http
2026-07-22T02:01:29Z ERR Request failed error="stream 53 canceled by remote with error code 0" connIndex=2 dest=https://pharos.lighthousemacro.com/d/consumer event=0 ip=2606:4700:a8::2 type=http
2026-07-22T02:01:29Z ERR  error="stream 57 canceled by remote with error code 0" connIndex=2 event=1 ingressRule=0 originService=http://localhost:8800
2026-07-22T02:01:29Z ERR Request failed error="stream 57 canceled by remote with error code 0" connIndex=2 dest=https://pharos.lighthousemacro.com/d/business event=0 ip=2606:4700:a8::2 type=http
2026-07-22T06:19:10Z ERR failed to run the datagram handler error="timeout: no recent network activity" connIndex=2 event=0 ip=2606:4700:a8::2
2026-07-22T06:19:10Z ERR failed to accept incoming stream requests error="failed to accept QUIC stream: timeout: no recent network activity" connIndex=2 event=0 ip=2606:4700:a8::2
2026-07-22T06:19:10Z WRN failed to serve tunnel connection error="datagram manager encountered a failure while serving" connIndex=2 event=0 ip=2606:4700:a8::2
2026-07-22T06:19:10Z WRN Serve tunnel error error="datagram manager encountered a failure while serving" connIndex=2 event=0 ip=2606:4700:a8::2
2026-07-22T06:19:10Z INF Retrying connection in up to 1s connIndex=2 event=0 ip=2606:4700:a8::2
2026-07-22T06:19:11Z WRN Connection terminated error="datagram manager encountered a failure while serving" connIndex=2
2026-07-22T06:19:14Z INF Tunnel connection curve preferences: [X25519MLKEM768 CurveID(65074) CurveP256] connIndex=2 event=0 ip=2606:4700:a8::2
2026-07-22T06:19:14Z INF Registered tunnel connection connIndex=2 connection=6cab3185-77ab-4a0b-9eb0-4837fbb37975 event=0 ip=2606:4700:a8::2 location=ewr14 protocol=quic
2026-07-22T06:42:22Z ERR failed to run the datagram handler error="timeout: no recent network activity" connIndex=2 event=0 ip=2606:4700:a8::2
2026-07-22T06:42:22Z ERR failed to accept incoming stream requests error="failed to accept QUIC stream: timeout: no recent network activity" connIndex=2 event=0 ip=2606:4700:a8::2
2026-07-22T06:42:22Z WRN failed to serve tunnel connection error="datagram manager encountered a failure while serving" connIndex=2 event=0 ip=2606:4700:a8::2
2026-07-22T06:42:22Z WRN Serve tunnel error error="datagram manager encountered a failure while serving" connIndex=2 event=0 ip=2606:4700:a8::2
2026-07-22T06:42:22Z INF Retrying connection in up to 1s connIndex=2 event=0 ip=2606:4700:a8::2
2026-07-22T06:42:23Z WRN Connection terminated error="datagram manager encountered a failure while serving" connIndex=2
2026-07-22T06:42:34Z INF Tunnel connection curve preferences: [X25519MLKEM768 CurveID(65074) CurveP256] connIndex=2 event=0 ip=2606:4700:a8::2
2026-07-22T06:42:34Z INF Registered tunnel connection connIndex=2 connection=fb8b8676-9abb-43fb-8058-5b2c065f194b event=0 ip=2606:4700:a8::2 location=ewr15 protocol=quic
2026-07-23T12:14:28Z WRN Your version 2026.7.2 is outdated. We recommend upgrading it to 2026.7.3
2026-07-24T15:54:31Z ERR failed to accept incoming stream requests error="failed to accept QUIC stream: timeout: no recent network activity" connIndex=2 event=0 ip=2606:4700:a8::2
2026-07-24T15:54:31Z ERR failed to accept incoming stream requests error="failed to accept QUIC stream: timeout: no recent network activity" connIndex=3 event=0 ip=2606:4700:a0::7
2026-07-24T15:54:31Z ERR failed to accept incoming stream requests error="failed to accept QUIC stream: timeout: no recent network activity" connIndex=0 event=0 ip=2606:4700:a0::9
2026-07-24T15:54:31Z ERR failed to run the datagram handler error="timeout: no recent network activity" connIndex=1 event=0 ip=2606:4700:a8::9
2026-07-24T15:54:31Z ERR failed to run the datagram handler error="timeout: no recent network activity" connIndex=2 event=0 ip=2606:4700:a8::2
2026-07-24T15:54:31Z ERR failed to run the datagram handler error="timeout: no recent network activity" connIndex=0 event=0 ip=2606:4700:a0::9
2026-07-24T15:54:31Z ERR failed to accept incoming stream requests error="failed to accept QUIC stream: timeout: no recent network activity" connIndex=1 event=0 ip=2606:4700:a8::9
2026-07-24T15:54:31Z ERR failed to run the datagram handler error="timeout: no recent network activity" connIndex=3 event=0 ip=2606:4700:a0::7
2026-07-24T15:54:32Z ERR failed to serve tunnel connection error="accept stream listener encountered a failure while serving" connIndex=2 event=0 ip=2606:4700:a8::2
2026-07-24T15:54:32Z ERR Serve tunnel error error="accept stream listener encountered a failure while serving" connIndex=2 event=0 ip=2606:4700:a8::2
2026-07-24T15:54:32Z ERR failed to serve tunnel connection error="datagram manager encountered a failure while serving" connIndex=1 event=0 ip=2606:4700:a8::9
2026-07-24T15:54:32Z ERR Serve tunnel error error="datagram manager encountered a failure while serving" connIndex=1 event=0 ip=2606:4700:a8::9
2026-07-24T15:54:32Z INF Retrying connection in up to 1s connIndex=1 event=0 ip=2606:4700:a8::9
2026-07-24T15:54:32Z ERR failed to serve tunnel connection error="accept stream listener encountered a failure while serving" connIndex=3 event=0 ip=2606:4700:a0::7
2026-07-24T15:54:32Z ERR failed to serve tunnel connection error="accept stream listener encountered a failure while serving" connIndex=0 event=0 ip=2606:4700:a0::9
2026-07-24T15:54:32Z ERR Serve tunnel error error="accept stream listener encountered a failure while serving" connIndex=3 event=0 ip=2606:4700:a0::7
2026-07-24T15:54:32Z ERR Serve tunnel error error="accept stream listener encountered a failure while serving" connIndex=0 event=0 ip=2606:4700:a0::9
2026-07-24T15:54:32Z INF Retrying connection in up to 1s connIndex=3 event=0 ip=2606:4700:a0::7
2026-07-24T15:54:32Z INF Retrying connection in up to 1s connIndex=0 event=0 ip=2606:4700:a0::9
2026-07-24T15:54:32Z INF Retrying connection in up to 1s connIndex=2 event=0 ip=2606:4700:a8::2
2026-07-24T15:54:32Z ERR Failed to refresh protocol error="lookup protocol-v2.argotunnel.com on 192.168.1.1:53: write udp 192.168.1.193:63885->192.168.1.1:53: write: broken pipe"
2026-07-24T15:54:35Z ERR Failed to refresh protocol error="lookup protocol-v2.argotunnel.com on 192.168.1.1:53: write udp 192.168.1.193:63317->192.168.1.1:53: write: broken pipe"
2026-07-24T15:54:35Z ERR Connection terminated error="accept stream listener encountered a failure while serving" connIndex=3
2026-07-24T15:54:35Z ERR Connection terminated error="datagram manager encountered a failure while serving" connIndex=1
2026-07-24T15:54:35Z ERR Failed to refresh protocol error="lookup protocol-v2.argotunnel.com on 192.168.1.1:53: write udp 192.168.1.193:49476->192.168.1.1:53: write: broken pipe"
2026-07-24T15:54:35Z ERR Failed to refresh protocol error="lookup protocol-v2.argotunnel.com on 192.168.1.1:53: write udp 192.168.1.193:50941->192.168.1.1:53: write: broken pipe"
2026-07-24T15:54:35Z ERR Connection terminated error="accept stream listener encountered a failure while serving" connIndex=2
2026-07-24T15:54:35Z INF Tunnel connection curve preferences: [X25519MLKEM768 CurveID(65074) CurveP256] connIndex=0 event=0 ip=2606:4700:a0::9
2026-07-24T15:54:39Z INF Registered tunnel connection connIndex=0 connection=2d087c58-183b-4cc3-91fc-3593f66e7ed0 event=0 ip=2606:4700:a0::9 location=ewr01 protocol=quic
2026-07-24T15:54:49Z INF Tunnel connection curve preferences: [X25519MLKEM768 CurveID(65074) CurveP256] connIndex=3 event=0 ip=2606:4700:a0::7
2026-07-24T15:54:49Z INF Tunnel connection curve preferences: [X25519MLKEM768 CurveID(65074) CurveP256] connIndex=2 event=0 ip=2606:4700:a8::2
2026-07-24T15:54:49Z INF Tunnel connection curve preferences: [X25519MLKEM768 CurveID(65074) CurveP256] connIndex=1 event=0 ip=2606:4700:a8::9
2026-07-24T15:54:49Z INF Registered tunnel connection connIndex=1 connection=1c6dda5a-df0a-4d3b-bec7-7705ed81027d event=0 ip=2606:4700:a8::9 location=ewr15 protocol=quic
2026-07-24T15:54:49Z INF Registered tunnel connection connIndex=3 connection=f0d1db48-530e-4744-b88d-6f1bf545d011 event=0 ip=2606:4700:a0::7 location=ewr13 protocol=quic
2026-07-24T15:54:49Z INF Registered tunnel connection connIndex=2 connection=0c7229d3-0e02-48b1-955d-cbad852a01c7 event=0 ip=2606:4700:a8::2 location=ewr12 protocol=quic
2026-07-24T17:58:26Z ERR failed to accept incoming stream requests error="failed to accept QUIC stream: timeout: no recent network activity" connIndex=0 event=0 ip=2606:4700:a0::9
2026-07-24T17:58:26Z ERR failed to run the datagram handler error="timeout: no recent network activity" connIndex=2 event=0 ip=2606:4700:a8::2
2026-07-24T17:58:26Z ERR failed to accept incoming stream requests error="failed to accept QUIC stream: timeout: no recent network activity" connIndex=3 event=0 ip=2606:4700:a0::7
2026-07-24T17:58:26Z ERR failed to run the datagram handler error="timeout: no recent network activity" connIndex=1 event=0 ip=2606:4700:a8::9
2026-07-24T17:58:26Z ERR failed to accept incoming stream requests error="failed to accept QUIC stream: timeout: no recent network activity" connIndex=2 event=0 ip=2606:4700:a8::2
2026-07-24T17:58:26Z ERR failed to run the datagram handler error="timeout: no recent network activity" connIndex=0 event=0 ip=2606:4700:a0::9
2026-07-24T17:58:26Z ERR failed to accept incoming stream requests error="failed to accept QUIC stream: timeout: no recent network activity" connIndex=1 event=0 ip=2606:4700:a8::9
2026-07-24T17:58:26Z ERR failed to run the datagram handler error="timeout: no recent network activity" connIndex=3 event=0 ip=2606:4700:a0::7
2026-07-24T17:58:27Z ERR failed to serve tunnel connection error="datagram manager encountered a failure while serving" connIndex=1 event=0 ip=2606:4700:a8::9
2026-07-24T17:58:27Z ERR failed to serve tunnel connection error="datagram manager encountered a failure while serving" connIndex=0 event=0 ip=2606:4700:a0::9
2026-07-24T17:58:27Z ERR failed to serve tunnel connection error="accept stream listener encountered a failure while serving" connIndex=2 event=0 ip=2606:4700:a8::2
2026-07-24T17:58:27Z ERR failed to serve tunnel connection error="datagram manager encountered a failure while serving" connIndex=3 event=0 ip=2606:4700:a0::7
2026-07-24T17:58:27Z ERR Serve tunnel error error="datagram manager encountered a failure while serving" connIndex=1 event=0 ip=2606:4700:a8::9
2026-07-24T17:58:27Z ERR Serve tunnel error error="accept stream listener encountered a failure while serving" connIndex=2 event=0 ip=2606:4700:a8::2
2026-07-24T17:58:27Z INF Retrying connection in up to 1s connIndex=1 event=0 ip=2606:4700:a8::9
2026-07-24T17:58:27Z ERR Serve tunnel error error="datagram manager encountered a failure while serving" connIndex=3 event=0 ip=2606:4700:a0::7
2026-07-24T17:58:27Z INF Retrying connection in up to 1s connIndex=2 event=0 ip=2606:4700:a8::2
2026-07-24T17:58:27Z INF Retrying connection in up to 1s connIndex=3 event=0 ip=2606:4700:a0::7
2026-07-24T17:58:27Z ERR Serve tunnel error error="datagram manager encountered a failure while serving" connIndex=0 event=0 ip=2606:4700:a0::9
2026-07-24T17:58:27Z INF Retrying connection in up to 1s connIndex=0 event=0 ip=2606:4700:a0::9
2026-07-24T17:58:28Z ERR Connection terminated error="accept stream listener encountered a failure while serving" connIndex=2
2026-07-24T17:58:28Z INF Tunnel connection curve preferences: [X25519MLKEM768 CurveID(65074) CurveP256] connIndex=0 event=0 ip=2606:4700:a0::9
2026-07-24T17:58:28Z ERR Connection terminated error="datagram manager encountered a failure while serving" connIndex=3
2026-07-24T17:58:28Z ERR Connection terminated error="datagram manager encountered a failure while serving" connIndex=1
2026-07-24T17:58:30Z INF Registered tunnel connection connIndex=0 connection=8c36c87f-3820-48a6-86b5-a36f646876e1 event=0 ip=2606:4700:a0::9 location=ewr11 protocol=quic
2026-07-24T17:58:44Z INF Tunnel connection curve preferences: [X25519MLKEM768 CurveID(65074) CurveP256] connIndex=2 event=0 ip=2606:4700:a8::2
2026-07-24T17:58:44Z INF Tunnel connection curve preferences: [X25519MLKEM768 CurveID(65074) CurveP256] connIndex=1 event=0 ip=2606:4700:a8::9
2026-07-24T17:58:44Z INF Tunnel connection curve preferences: [X25519MLKEM768 CurveID(65074) CurveP256] connIndex=3 event=0 ip=2606:4700:a0::7
2026-07-24T17:58:45Z INF Registered tunnel connection connIndex=3 connection=6f842386-af78-40c5-9e5e-5b281c0912df event=0 ip=2606:4700:a0::7 location=ewr01 protocol=quic
2026-07-24T17:58:45Z INF Registered tunnel connection connIndex=2 connection=3e4c2df1-1de4-4c5f-8c0f-98b4b572ad03 event=0 ip=2606:4700:a8::2 location=ewr14 protocol=quic
2026-07-24T17:58:45Z INF Registered tunnel connection connIndex=1 connection=b21422fa-755e-4ad2-91aa-207052b6633b event=0 ip=2606:4700:a8::9 location=ewr14 protocol=quic
2026-07-25T03:16:36Z ERR failed to run the datagram handler error="write udp6 [::]:52306->[2606:4700:a8::9]:7844: sendmsg: no route to host" connIndex=1 event=0 ip=2606:4700:a8::9
2026-07-25T03:16:36Z ERR failed to accept incoming stream requests error="failed to accept QUIC stream: write udp6 [::]:52306->[2606:4700:a8::9]:7844: sendmsg: no route to host" connIndex=1 event=0 ip=2606:4700:a8::9
2026-07-25T03:16:36Z ERR failed to run the datagram handler error="timeout: no recent network activity" connIndex=3 event=0 ip=2606:4700:a0::7
2026-07-25T03:16:36Z ERR failed to accept incoming stream requests error="failed to accept QUIC stream: timeout: no recent network activity" connIndex=2 event=0 ip=2606:4700:a8::2
2026-07-25T03:16:36Z ERR failed to run the datagram handler error="timeout: no recent network activity" connIndex=0 event=0 ip=2606:4700:a0::9
2026-07-25T03:16:36Z ERR failed to accept incoming stream requests error="failed to accept QUIC stream: timeout: no recent network activity" connIndex=0 event=0 ip=2606:4700:a0::9
2026-07-25T03:16:36Z ERR failed to run the datagram handler error="timeout: no recent network activity" connIndex=2 event=0 ip=2606:4700:a8::2
2026-07-25T03:16:36Z ERR failed to accept incoming stream requests error="failed to accept QUIC stream: timeout: no recent network activity" connIndex=3 event=0 ip=2606:4700:a0::7
2026-07-25T03:16:37Z ERR failed to serve tunnel connection error="datagram manager encountered a failure while serving" connIndex=3 event=0 ip=2606:4700:a0::7
2026-07-25T03:16:37Z ERR Serve tunnel error error="datagram manager encountered a failure while serving" connIndex=3 event=0 ip=2606:4700:a0::7
2026-07-25T03:16:37Z INF Retrying connection in up to 1s connIndex=3 event=0 ip=2606:4700:a0::7
2026-07-25T03:16:37Z ERR failed to serve tunnel connection error="datagram manager encountered a failure while serving" connIndex=0 event=0 ip=2606:4700:a0::9
2026-07-25T03:16:37Z ERR Serve tunnel error error="datagram manager encountered a failure while serving" connIndex=0 event=0 ip=2606:4700:a0::9
2026-07-25T03:16:37Z INF Retrying connection in up to 1s connIndex=0 event=0 ip=2606:4700:a0::9
2026-07-25T03:16:37Z ERR failed to serve tunnel connection error="accept stream listener encountered a failure while serving" connIndex=2 event=0 ip=2606:4700:a8::2
2026-07-25T03:16:37Z ERR Serve tunnel error error="accept stream listener encountered a failure while serving" connIndex=2 event=0 ip=2606:4700:a8::2
2026-07-25T03:16:37Z INF Retrying connection in up to 1s connIndex=2 event=0 ip=2606:4700:a8::2
2026-07-25T03:16:37Z ERR failed to serve tunnel connection error="accept stream listener encountered a failure while serving" connIndex=1 event=0 ip=2606:4700:a8::9
2026-07-25T03:16:37Z ERR Serve tunnel error error="accept stream listener encountered a failure while serving" connIndex=1 event=0 ip=2606:4700:a8::9
2026-07-25T03:16:37Z INF Retrying connection in up to 1s connIndex=1 event=0 ip=2606:4700:a8::9
2026-07-25T03:16:37Z ERR Connection terminated error="accept stream listener encountered a failure while serving" connIndex=1
2026-07-25T03:16:37Z ERR Connection terminated error="accept stream listener encountered a failure while serving" connIndex=2
2026-07-25T03:16:37Z ERR Connection terminated error="datagram manager encountered a failure while serving" connIndex=3
2026-07-25T03:16:38Z INF Tunnel connection curve preferences: [X25519MLKEM768 CurveID(65074) CurveP256] connIndex=0 event=0 ip=2606:4700:a0::9
2026-07-25T03:16:40Z INF Tunnel connection curve preferences: [X25519MLKEM768 CurveID(65074) CurveP256] connIndex=3 event=0 ip=2606:4700:a0::7
2026-07-25T03:16:40Z INF Tunnel connection curve preferences: [X25519MLKEM768 CurveID(65074) CurveP256] connIndex=2 event=0 ip=2606:4700:a8::2
2026-07-25T03:16:40Z INF Tunnel connection curve preferences: [X25519MLKEM768 CurveID(65074) CurveP256] connIndex=1 event=0 ip=2606:4700:a8::9
2026-07-25T03:16:41Z INF Registered tunnel connection connIndex=0 connection=4ccf9c60-a957-4527-a037-098c14abb23f event=0 ip=2606:4700:a0::9 location=ewr05 protocol=quic
2026-07-25T03:16:41Z INF Registered tunnel connection connIndex=1 connection=b2bca42b-8e14-468c-87fc-07228e574b67 event=0 ip=2606:4700:a8::9 location=ewr15 protocol=quic
2026-07-25T03:16:41Z INF Registered tunnel connection connIndex=2 connection=52eadfa1-14d4-4fa2-b894-398eae437cb5 event=0 ip=2606:4700:a8::2 location=ewr12 protocol=quic
2026-07-25T03:16:41Z INF Registered tunnel connection connIndex=3 connection=cc2e66af-ffc4-49d6-916b-bda0b36693e8 event=0 ip=2606:4700:a0::7 location=ewr13 protocol=quic
2026-07-25T03:27:36Z WRN Your version 2026.7.2 is outdated. We recommend upgrading it to 2026.7.3
2026-07-25T09:50:04Z ERR Failed to refresh DNS local resolver error="lookup region1.v2.argotunnel.com: i/o timeout"
2026-07-26T03:45:47Z INF Starting tunnel tunnelID=7f73e869-98c2-49f0-9d8f-f9e25557a385
2026-07-26T03:45:48Z INF Version 2026.7.2 (Checksum c647bfd58ab7fa562d47061853321eb78b7205b110a45fff8f3c53196f3986a5)
2026-07-26T03:45:48Z INF GOOS: darwin, GOVersion: go1.26.5, GoArch: arm64
2026-07-26T03:45:48Z INF Settings: map[cred-file:/Users/bob/.cloudflared/7f73e869-98c2-49f0-9d8f-f9e25557a385.json credentials-file:/Users/bob/.cloudflared/7f73e869-98c2-49f0-9d8f-f9e25557a385.json]
2026-07-26T03:45:48Z INF cloudflared will not automatically update if installed by a package manager.
2026-07-26T03:45:49Z INF Generated Connector ID: 94cf08f7-4fc5-4956-ad58-103e5d94cab6
2026-07-26T03:45:50Z INF Initial protocol quic
2026-07-26T03:45:50Z INF ICMP proxy will use 192.168.1.193 as source for IPv4
2026-07-26T03:45:50Z INF ICMP proxy will use fe80::4c7:67d:9a4f:501a in zone en0 as source for IPv6
2026-07-26T03:45:50Z INF Created ICMP proxy listening on 192.168.1.193:0
2026-07-26T03:45:51Z INF ICMP proxy will use 192.168.1.193 as source for IPv4
2026-07-26T03:45:51Z INF ICMP proxy will use fe80::4c7:67d:9a4f:501a in zone en0 as source for IPv6
2026-07-26T03:45:51Z INF Tunnel connection curve preferences: [X25519MLKEM768 CurveID(65074) CurveP256] connIndex=0 event=0 ip=2606:4700:a8::1
2026-07-26T03:45:52Z INF Starting metrics server on 127.0.0.1:20241/metrics
2026-07-26T03:45:53Z INF +-------------------------------------------------------------------------------------+
2026-07-26T03:45:53Z INF |                               CONNECTIVITY PRE-CHECKS                               |
2026-07-26T03:45:53Z INF +-------------------------------------------------------------------------------------+
2026-07-26T03:45:53Z INF |  COMPONENT         TARGET                     STATUS  DETAILS                       |
2026-07-26T03:45:53Z INF |  DNS Resolution    region1.v2.argotunnel.com  PASS    DNS Resolved successfully     |
2026-07-26T03:45:53Z INF |  DNS Resolution    region2.v2.argotunnel.com  PASS    DNS Resolved successfully     |
2026-07-26T03:45:53Z INF |  UDP Connectivity  region1.v2.argotunnel.com  PASS    QUIC connection successful    |
2026-07-26T03:45:53Z INF |  UDP Connectivity  region2.v2.argotunnel.com  PASS    QUIC connection successful    |
2026-07-26T03:45:53Z INF |  TCP Connectivity  region1.v2.argotunnel.com  PASS    HTTP/2 connection successful  |
2026-07-26T03:45:53Z INF |  TCP Connectivity  region2.v2.argotunnel.com  PASS    HTTP/2 connection successful  |
2026-07-26T03:45:53Z INF |  Cloudflare API    api.cloudflare.com:443     PASS    API is reachable              |
2026-07-26T03:45:53Z INF |                                                                                     |
2026-07-26T03:45:53Z INF |  SUMMARY: Environment is healthy. cloudflared will use 'quic' as primary protocol.  |
2026-07-26T03:45:53Z INF +-------------------------------------------------------------------------------------+
2026-07-26T03:45:53Z INF precheck component="DNS Resolution" details="DNS Resolved successfully" run_id=2ec5baa7-e746-48ca-91ce-2ad12be96a02 status=pass target=region1.v2.argotunnel.com
2026-07-26T03:45:53Z INF precheck component="DNS Resolution" details="DNS Resolved successfully" run_id=2ec5baa7-e746-48ca-91ce-2ad12be96a02 status=pass target=region2.v2.argotunnel.com
2026-07-26T03:45:53Z INF precheck component="UDP Connectivity" details="QUIC connection successful" run_id=2ec5baa7-e746-48ca-91ce-2ad12be96a02 status=pass target=region1.v2.argotunnel.com
2026-07-26T03:45:53Z INF precheck component="UDP Connectivity" details="QUIC connection successful" run_id=2ec5baa7-e746-48ca-91ce-2ad12be96a02 status=pass target=region2.v2.argotunnel.com
2026-07-26T03:45:53Z INF precheck component="TCP Connectivity" details="HTTP/2 connection successful" run_id=2ec5baa7-e746-48ca-91ce-2ad12be96a02 status=pass target=region1.v2.argotunnel.com
2026-07-26T03:45:53Z INF precheck component="TCP Connectivity" details="HTTP/2 connection successful" run_id=2ec5baa7-e746-48ca-91ce-2ad12be96a02 status=pass target=region2.v2.argotunnel.com
2026-07-26T03:45:53Z INF precheck component="Cloudflare API" details="API is reachable" run_id=2ec5baa7-e746-48ca-91ce-2ad12be96a02 status=pass target=api.cloudflare.com:443
2026-07-26T03:45:53Z INF precheck complete hard_fail=false run_id=2ec5baa7-e746-48ca-91ce-2ad12be96a02 suggested_protocol=quic
2026-07-26T03:45:54Z INF Registered tunnel connection connIndex=0 connection=be507d9f-3b32-4a0a-871f-86a311e845d2 event=0 ip=2606:4700:a8::1 location=ewr15 protocol=quic
2026-07-26T03:45:54Z INF Tunnel connection curve preferences: [X25519MLKEM768 CurveID(65074) CurveP256] connIndex=1 event=0 ip=2606:4700:a0::2
2026-07-26T03:45:54Z INF Registered tunnel connection connIndex=1 connection=260be55b-0a27-411e-a3e0-59740b127b09 event=0 ip=2606:4700:a0::2 location=ewr13 protocol=quic
2026-07-26T03:45:55Z INF Tunnel connection curve preferences: [X25519MLKEM768 CurveID(65074) CurveP256] connIndex=2 event=0 ip=2606:4700:a0::4
2026-07-26T03:45:55Z INF Registered tunnel connection connIndex=2 connection=c0e75f4a-b4a6-4a50-bac8-42516948bd81 event=0 ip=2606:4700:a0::4 location=ewr05 protocol=quic
2026-07-26T03:45:56Z INF Tunnel connection curve preferences: [X25519MLKEM768 CurveID(65074) CurveP256] connIndex=3 event=0 ip=2606:4700:a8::9
2026-07-26T03:45:56Z INF Registered tunnel connection connIndex=3 connection=1ecf27d1-5787-437c-a358-df03b41d0f45 event=0 ip=2606:4700:a8::9 location=ewr14 protocol=quic
2026-07-26T07:28:39Z ERR failed to run the datagram handler error="timeout: no recent network activity" connIndex=2 event=0 ip=2606:4700:a0::4
2026-07-26T07:28:39Z ERR failed to run the datagram handler error="timeout: no recent network activity" connIndex=0 event=0 ip=2606:4700:a8::1
2026-07-26T07:28:39Z ERR failed to accept incoming stream requests error="failed to accept QUIC stream: timeout: no recent network activity" connIndex=2 event=0 ip=2606:4700:a0::4
2026-07-26T07:28:39Z ERR failed to accept incoming stream requests error="failed to accept QUIC stream: timeout: no recent network activity" connIndex=0 event=0 ip=2606:4700:a8::1
2026-07-26T07:28:39Z ERR failed to accept incoming stream requests error="failed to accept QUIC stream: timeout: no recent network activity" connIndex=1 event=0 ip=2606:4700:a0::2
2026-07-26T07:28:39Z ERR failed to accept incoming stream requests error="failed to accept QUIC stream: timeout: no recent network activity" connIndex=3 event=0 ip=2606:4700:a8::9
2026-07-26T07:28:39Z ERR failed to run the datagram handler error="timeout: no recent network activity" connIndex=1 event=0 ip=2606:4700:a0::2
2026-07-26T07:28:39Z ERR failed to run the datagram handler error="timeout: no recent network activity" connIndex=3 event=0 ip=2606:4700:a8::9
2026-07-26T07:28:40Z ERR failed to serve tunnel connection error="accept stream listener encountered a failure while serving" connIndex=3 event=0 ip=2606:4700:a8::9
2026-07-26T07:28:40Z ERR failed to serve tunnel connection error="accept stream listener encountered a failure while serving" connIndex=2 event=0 ip=2606:4700:a0::4
2026-07-26T07:28:40Z ERR failed to serve tunnel connection error="accept stream listener encountered a failure while serving" connIndex=1 event=0 ip=2606:4700:a0::2
2026-07-26T07:28:40Z ERR failed to serve tunnel connection error="datagram manager encountered a failure while serving" connIndex=0 event=0 ip=2606:4700:a8::1
2026-07-26T07:28:40Z ERR Serve tunnel error error="datagram manager encountered a failure while serving" connIndex=0 event=0 ip=2606:4700:a8::1
2026-07-26T07:28:40Z ERR Serve tunnel error error="accept stream listener encountered a failure while serving" connIndex=1 event=0 ip=2606:4700:a0::2
2026-07-26T07:28:40Z INF Retrying connection in up to 1s connIndex=0 event=0 ip=2606:4700:a8::1
2026-07-26T07:28:40Z INF Retrying connection in up to 1s connIndex=1 event=0 ip=2606:4700:a0::2
2026-07-26T07:28:40Z ERR Serve tunnel error error="accept stream listener encountered a failure while serving" connIndex=3 event=0 ip=2606:4700:a8::9
2026-07-26T07:28:40Z ERR Serve tunnel error error="accept stream listener encountered a failure while serving" connIndex=2 event=0 ip=2606:4700:a0::4
2026-07-26T07:28:40Z INF Retrying connection in up to 1s connIndex=3 event=0 ip=2606:4700:a8::9
2026-07-26T07:28:40Z INF Retrying connection in up to 1s connIndex=2 event=0 ip=2606:4700:a0::4
2026-07-26T07:28:41Z ERR Connection terminated error="accept stream listener encountered a failure while serving" connIndex=1
2026-07-26T07:28:41Z ERR Connection terminated error="accept stream listener encountered a failure while serving" connIndex=3
2026-07-26T07:28:42Z ERR Connection terminated error="accept stream listener encountered a failure while serving" connIndex=2
2026-07-26T07:28:42Z INF Tunnel connection curve preferences: [X25519MLKEM768 CurveID(65074) CurveP256] connIndex=0 event=0 ip=2606:4700:a8::1
2026-07-26T07:28:44Z INF Registered tunnel connection connIndex=0 connection=3a0015aa-e6c1-4ddb-83b5-732fa1b88633 event=0 ip=2606:4700:a8::1 location=ewr15 protocol=quic
2026-07-26T07:29:01Z INF Tunnel connection curve preferences: [X25519MLKEM768 CurveID(65074) CurveP256] connIndex=1 event=0 ip=2606:4700:a0::2
2026-07-26T07:29:01Z INF Tunnel connection curve preferences: [X25519MLKEM768 CurveID(65074) CurveP256] connIndex=2 event=0 ip=2606:4700:a0::4
2026-07-26T07:29:01Z INF Tunnel connection curve preferences: [X25519MLKEM768 CurveID(65074) CurveP256] connIndex=3 event=0 ip=2606:4700:a8::9
2026-07-26T07:29:01Z INF Registered tunnel connection connIndex=2 connection=4843278f-420e-4c2c-a92f-6ecb28fe612f event=0 ip=2606:4700:a0::4 location=ewr05 protocol=quic
2026-07-26T07:29:01Z INF Registered tunnel connection connIndex=1 connection=64dd3e04-5082-4bf8-baff-4bc9ecd71a66 event=0 ip=2606:4700:a0::2 location=ewr13 protocol=quic
2026-07-26T07:29:01Z INF Registered tunnel connection connIndex=3 connection=1ab14659-07cc-4154-98f4-956637208573 event=0 ip=2606:4700:a8::9 location=ewr14 protocol=quic
2026-07-26T07:45:46Z ERR failed to accept incoming stream requests error="failed to accept QUIC stream: timeout: no recent network activity" connIndex=2 event=0 ip=2606:4700:a0::4
2026-07-26T07:45:46Z ERR failed to run the datagram handler error="timeout: no recent network activity" connIndex=2 event=0 ip=2606:4700:a0::4
2026-07-26T07:45:46Z WRN failed to serve tunnel connection error="accept stream listener encountered a failure while serving" connIndex=2 event=0 ip=2606:4700:a0::4
2026-07-26T07:45:46Z WRN Serve tunnel error error="accept stream listener encountered a failure while serving" connIndex=2 event=0 ip=2606:4700:a0::4
2026-07-26T07:45:46Z INF Retrying connection in up to 1s connIndex=2 event=0 ip=2606:4700:a0::4
2026-07-26T07:45:46Z ERR failed to accept incoming stream requests error="failed to accept QUIC stream: timeout: no recent network activity" connIndex=3 event=0 ip=2606:4700:a8::9
2026-07-26T07:45:46Z ERR failed to run the datagram handler error="timeout: no recent network activity" connIndex=3 event=0 ip=2606:4700:a8::9
2026-07-26T07:45:46Z WRN failed to serve tunnel connection error="accept stream listener encountered a failure while serving" connIndex=3 event=0 ip=2606:4700:a8::9
2026-07-26T07:45:46Z WRN Serve tunnel error error="accept stream listener encountered a failure while serving" connIndex=3 event=0 ip=2606:4700:a8::9
2026-07-26T07:45:46Z INF Retrying connection in up to 1s connIndex=3 event=0 ip=2606:4700:a8::9
2026-07-26T07:45:46Z ERR failed to accept incoming stream requests error="failed to accept QUIC stream: timeout: no recent network activity" connIndex=1 event=0 ip=2606:4700:a0::2
2026-07-26T07:45:46Z ERR failed to run the datagram handler error="timeout: no recent network activity" connIndex=1 event=0 ip=2606:4700:a0::2
2026-07-26T07:45:46Z WRN failed to serve tunnel connection error="accept stream listener encountered a failure while serving" connIndex=1 event=0 ip=2606:4700:a0::2
2026-07-26T07:45:46Z WRN Serve tunnel error error="accept stream listener encountered a failure while serving" connIndex=1 event=0 ip=2606:4700:a0::2
2026-07-26T07:45:46Z INF Retrying connection in up to 1s connIndex=1 event=0 ip=2606:4700:a0::2
2026-07-26T07:45:47Z WRN Connection terminated error="accept stream listener encountered a failure while serving" connIndex=2
2026-07-26T07:45:47Z ERR failed to run the datagram handler error="timeout: no recent network activity" connIndex=0 event=0 ip=2606:4700:a8::1
2026-07-26T07:45:47Z ERR failed to accept incoming stream requests error="failed to accept QUIC stream: timeout: no recent network activity" connIndex=0 event=0 ip=2606:4700:a8::1
2026-07-26T07:45:47Z ERR failed to serve tunnel connection error="datagram manager encountered a failure while serving" connIndex=0 event=0 ip=2606:4700:a8::1
2026-07-26T07:45:47Z ERR Serve tunnel error error="datagram manager encountered a failure while serving" connIndex=0 event=0 ip=2606:4700:a8::1
2026-07-26T07:45:47Z INF Retrying connection in up to 1s connIndex=0 event=0 ip=2606:4700:a8::1
2026-07-26T07:45:48Z INF Tunnel connection curve preferences: [X25519MLKEM768 CurveID(65074) CurveP256] connIndex=0 event=0 ip=2606:4700:a8::1
2026-07-26T07:45:48Z ERR Connection terminated error="accept stream listener encountered a failure while serving" connIndex=1
2026-07-26T07:45:48Z INF Registered tunnel connection connIndex=0 connection=7120efe0-bcae-47e5-a0b8-d8f177af9373 event=0 ip=2606:4700:a8::1 location=ewr15 protocol=quic
2026-07-26T07:45:48Z WRN Connection terminated error="accept stream listener encountered a failure while serving" connIndex=3
2026-07-26T07:46:16Z INF Tunnel connection curve preferences: [X25519MLKEM768 CurveID(65074) CurveP256] connIndex=2 event=0 ip=2606:4700:a0::4
2026-07-26T07:46:16Z INF Tunnel connection curve preferences: [X25519MLKEM768 CurveID(65074) CurveP256] connIndex=3 event=0 ip=2606:4700:a8::9
2026-07-26T07:46:16Z INF Tunnel connection curve preferences: [X25519MLKEM768 CurveID(65074) CurveP256] connIndex=1 event=0 ip=2606:4700:a0::2
2026-07-26T07:46:19Z INF Registered tunnel connection connIndex=1 connection=ee94769b-dd3e-4237-a130-0032eb2013e0 event=0 ip=2606:4700:a0::2 location=ewr13 protocol=quic
2026-07-26T07:46:19Z INF Registered tunnel connection connIndex=3 connection=362ca296-c9cb-4bd9-9151-485845fdffad event=0 ip=2606:4700:a8::9 location=ewr14 protocol=quic
2026-07-26T07:46:19Z INF Registered tunnel connection connIndex=2 connection=31c82fce-e4e5-4244-b023-40297e767a80 event=0 ip=2606:4700:a0::4 location=ewr05 protocol=quic
2026-07-26T07:48:08Z ERR failed to run the datagram handler error="timeout: no recent network activity" connIndex=1 event=0 ip=2606:4700:a0::2
2026-07-26T07:48:08Z ERR failed to run the datagram handler error="timeout: no recent network activity" connIndex=0 event=0 ip=2606:4700:a8::1
2026-07-26T07:48:08Z ERR failed to run the datagram handler error="timeout: no recent network activity" connIndex=2 event=0 ip=2606:4700:a0::4
2026-07-26T07:48:08Z ERR failed to accept incoming stream requests error="failed to accept QUIC stream: timeout: no recent network activity" connIndex=0 event=0 ip=2606:4700:a8::1
2026-07-26T07:48:08Z ERR failed to accept incoming stream requests error="failed to accept QUIC stream: timeout: no recent network activity" connIndex=2 event=0 ip=2606:4700:a0::4
2026-07-26T07:48:08Z ERR failed to run the datagram handler error="timeout: no recent network activity" connIndex=3 event=0 ip=2606:4700:a8::9
2026-07-26T07:48:08Z ERR failed to accept incoming stream requests error="failed to accept QUIC stream: timeout: no recent network activity" connIndex=1 event=0 ip=2606:4700:a0::2
2026-07-26T07:48:08Z ERR failed to accept incoming stream requests error="failed to accept QUIC stream: timeout: no recent network activity" connIndex=3 event=0 ip=2606:4700:a8::9
2026-07-26T07:48:09Z ERR failed to serve tunnel connection error="datagram manager encountered a failure while serving" connIndex=2 event=0 ip=2606:4700:a0::4
2026-07-26T07:48:09Z ERR failed to serve tunnel connection error="accept stream listener encountered a failure while serving" connIndex=0 event=0 ip=2606:4700:a8::1
2026-07-26T07:48:09Z ERR failed to serve tunnel connection error="accept stream listener encountered a failure while serving" connIndex=1 event=0 ip=2606:4700:a0::2
2026-07-26T07:48:09Z ERR failed to serve tunnel connection error="datagram manager encountered a failure while serving" connIndex=3 event=0 ip=2606:4700:a8::9
2026-07-26T07:48:09Z ERR Serve tunnel error error="accept stream listener encountered a failure while serving" connIndex=1 event=0 ip=2606:4700:a0::2
2026-07-26T07:48:09Z ERR Serve tunnel error error="datagram manager encountered a failure while serving" connIndex=2 event=0 ip=2606:4700:a0::4
2026-07-26T07:48:09Z INF Retrying connection in up to 1s connIndex=1 event=0 ip=2606:4700:a0::2
2026-07-26T07:48:09Z INF Retrying connection in up to 1s connIndex=2 event=0 ip=2606:4700:a0::4
2026-07-26T07:48:09Z ERR Serve tunnel error error="accept stream listener encountered a failure while serving" connIndex=0 event=0 ip=2606:4700:a8::1
2026-07-26T07:48:09Z ERR Serve tunnel error error="datagram manager encountered a failure while serving" connIndex=3 event=0 ip=2606:4700:a8::9
2026-07-26T07:48:09Z INF Retrying connection in up to 1s connIndex=0 event=0 ip=2606:4700:a8::1
2026-07-26T07:48:09Z INF Retrying connection in up to 1s connIndex=3 event=0 ip=2606:4700:a8::9
2026-07-26T07:48:09Z ERR Connection terminated error="accept stream listener encountered a failure while serving" connIndex=1
2026-07-26T07:48:09Z INF Tunnel connection curve preferences: [X25519MLKEM768 CurveID(65074) CurveP256] connIndex=0 event=0 ip=2606:4700:a8::1
2026-07-26T07:48:10Z ERR Connection terminated error="datagram manager encountered a failure while serving" connIndex=3
2026-07-26T07:48:11Z ERR Connection terminated error="datagram manager encountered a failure while serving" connIndex=2
2026-07-26T07:48:12Z INF Registered tunnel connection connIndex=0 connection=6a823749-ee7b-4a8f-9e5c-a8c893015ebd event=0 ip=2606:4700:a8::1 location=ewr15 protocol=quic
2026-07-26T07:49:04Z INF Tunnel connection curve preferences: [X25519MLKEM768 CurveID(65074) CurveP256] connIndex=2 event=0 ip=2606:4700:a0::4
2026-07-26T07:49:04Z INF Tunnel connection curve preferences: [X25519MLKEM768 CurveID(65074) CurveP256] connIndex=3 event=0 ip=2606:4700:a8::9
2026-07-26T07:49:04Z INF Tunnel connection curve preferences: [X25519MLKEM768 CurveID(65074) CurveP256] connIndex=1 event=0 ip=2606:4700:a0::2
2026-07-26T07:49:04Z INF Registered tunnel connection connIndex=2 connection=2d503a73-becf-44f1-9d5c-65fce854a687 event=0 ip=2606:4700:a0::4 location=ewr05 protocol=quic
2026-07-26T07:49:04Z INF Registered tunnel connection connIndex=1 connection=37a076cd-f5f9-42cd-a666-4fc03997bb34 event=0 ip=2606:4700:a0::2 location=ewr13 protocol=quic
2026-07-26T07:49:04Z INF Registered tunnel connection connIndex=3 connection=0e81db03-0e0d-40bf-b11a-db89765cd903 event=0 ip=2606:4700:a8::9 location=ewr14 protocol=quic
2026-07-26T07:52:05Z ERR failed to accept incoming stream requests error="failed to accept QUIC stream: timeout: no recent network activity" connIndex=0 event=0 ip=2606:4700:a8::1
2026-07-26T07:52:05Z ERR failed to run the datagram handler error="timeout: no recent network activity" connIndex=3 event=0 ip=2606:4700:a8::9
2026-07-26T07:52:05Z ERR failed to accept incoming stream requests error="failed to accept QUIC stream: timeout: no recent network activity" connIndex=2 event=0 ip=2606:4700:a0::4
2026-07-26T07:52:05Z ERR failed to run the datagram handler error="timeout: no recent network activity" connIndex=1 event=0 ip=2606:4700:a0::2
2026-07-26T07:52:05Z ERR failed to run the datagram handler error="timeout: no recent network activity" connIndex=0 event=0 ip=2606:4700:a8::1
2026-07-26T07:52:05Z ERR failed to run the datagram handler error="timeout: no recent network activity" connIndex=2 event=0 ip=2606:4700:a0::4
2026-07-26T07:52:05Z ERR failed to accept incoming stream requests error="failed to accept QUIC stream: timeout: no recent network activity" connIndex=1 event=0 ip=2606:4700:a0::2
2026-07-26T07:52:05Z ERR failed to accept incoming stream requests error="failed to accept QUIC stream: timeout: no recent network activity" connIndex=3 event=0 ip=2606:4700:a8::9
2026-07-26T07:52:06Z ERR failed to serve tunnel connection error="accept stream listener encountered a failure while serving" connIndex=0 event=0 ip=2606:4700:a8::1
2026-07-26T07:52:06Z ERR failed to serve tunnel connection error="accept stream listener encountered a failure while serving" connIndex=2 event=0 ip=2606:4700:a0::4
2026-07-26T07:52:06Z ERR Serve tunnel error error="accept stream listener encountered a failure while serving" connIndex=0 event=0 ip=2606:4700:a8::1
2026-07-26T07:52:06Z ERR Serve tunnel error error="accept stream listener encountered a failure while serving" connIndex=2 event=0 ip=2606:4700:a0::4
2026-07-26T07:52:06Z INF Retrying connection in up to 1s connIndex=0 event=0 ip=2606:4700:a8::1
2026-07-26T07:52:06Z INF Retrying connection in up to 1s connIndex=2 event=0 ip=2606:4700:a0::4
2026-07-26T07:52:06Z ERR failed to serve tunnel connection error="datagram manager encountered a failure while serving" connIndex=1 event=0 ip=2606:4700:a0::2
2026-07-26T07:52:06Z ERR failed to serve tunnel connection error="datagram manager encountered a failure while serving" connIndex=3 event=0 ip=2606:4700:a8::9
2026-07-26T07:52:06Z ERR Serve tunnel error error="datagram manager encountered a failure while serving" connIndex=1 event=0 ip=2606:4700:a0::2
2026-07-26T07:52:06Z ERR Serve tunnel error error="datagram manager encountered a failure while serving" connIndex=3 event=0 ip=2606:4700:a8::9
2026-07-26T07:52:06Z INF Retrying connection in up to 1s connIndex=3 event=0 ip=2606:4700:a8::9
2026-07-26T07:52:06Z INF Retrying connection in up to 1s connIndex=1 event=0 ip=2606:4700:a0::2
2026-07-26T07:52:07Z ERR Connection terminated error="accept stream listener encountered a failure while serving" connIndex=2
2026-07-26T07:52:07Z ERR Connection terminated error="datagram manager encountered a failure while serving" connIndex=3
2026-07-26T07:52:07Z ERR Connection terminated error="datagram manager encountered a failure while serving" connIndex=1
2026-07-26T07:52:08Z INF Tunnel connection curve preferences: [X25519MLKEM768 CurveID(65074) CurveP256] connIndex=0 event=0 ip=2606:4700:a8::1
2026-07-26T07:52:09Z INF Registered tunnel connection connIndex=0 connection=743f0a21-4110-4648-b88a-bd1251ebca87 event=0 ip=2606:4700:a8::1 location=ewr15 protocol=quic
2026-07-26T07:52:39Z INF Tunnel connection curve preferences: [X25519MLKEM768 CurveID(65074) CurveP256] connIndex=2 event=0 ip=2606:4700:a0::4
2026-07-26T07:52:39Z INF Tunnel connection curve preferences: [X25519MLKEM768 CurveID(65074) CurveP256] connIndex=3 event=0 ip=2606:4700:a8::9
2026-07-26T07:52:39Z INF Tunnel connection curve preferences: [X25519MLKEM768 CurveID(65074) CurveP256] connIndex=1 event=0 ip=2606:4700:a0::2
2026-07-26T07:52:39Z INF Registered tunnel connection connIndex=2 connection=de76e7ea-7748-4c1d-b5b4-5740c563c4be event=0 ip=2606:4700:a0::4 location=ewr05 protocol=quic
2026-07-26T07:52:39Z INF Registered tunnel connection connIndex=3 connection=96bfa8c2-3461-447c-a66d-e7a498426191 event=0 ip=2606:4700:a8::9 location=ewr14 protocol=quic
2026-07-26T07:52:39Z INF Registered tunnel connection connIndex=1 connection=97cc2e86-fb49-42f1-8d36-098e7899dae7 event=0 ip=2606:4700:a0::2 location=ewr13 protocol=quic
2026-07-26T07:54:46Z ERR failed to run the datagram handler error="timeout: no recent network activity" connIndex=2 event=0 ip=2606:4700:a0::4
2026-07-26T07:54:46Z ERR failed to accept incoming stream requests error="failed to accept QUIC stream: timeout: no recent network activity" connIndex=2 event=0 ip=2606:4700:a0::4
2026-07-26T07:54:46Z WRN failed to serve tunnel connection error="datagram manager encountered a failure while serving" connIndex=2 event=0 ip=2606:4700:a0::4
2026-07-26T07:54:46Z WRN Serve tunnel error error="datagram manager encountered a failure while serving" connIndex=2 event=0 ip=2606:4700:a0::4
2026-07-26T07:54:46Z INF Retrying connection in up to 1s connIndex=2 event=0 ip=2606:4700:a0::4
2026-07-26T07:54:46Z ERR failed to run the datagram handler error="timeout: no recent network activity" connIndex=3 event=0 ip=2606:4700:a8::9
2026-07-26T07:54:46Z ERR failed to accept incoming stream requests error="failed to accept QUIC stream: timeout: no recent network activity" connIndex=3 event=0 ip=2606:4700:a8::9
2026-07-26T07:54:46Z WRN failed to serve tunnel connection error="datagram manager encountered a failure while serving" connIndex=3 event=0 ip=2606:4700:a8::9
2026-07-26T07:54:46Z WRN Serve tunnel error error="datagram manager encountered a failure while serving" connIndex=3 event=0 ip=2606:4700:a8::9
2026-07-26T07:54:46Z INF Retrying connection in up to 1s connIndex=3 event=0 ip=2606:4700:a8::9
2026-07-26T07:54:46Z ERR failed to accept incoming stream requests error="failed to accept QUIC stream: timeout: no recent network activity" connIndex=0 event=0 ip=2606:4700:a8::1
2026-07-26T07:54:46Z ERR failed to run the datagram handler error="timeout: no recent network activity" connIndex=0 event=0 ip=2606:4700:a8::1
2026-07-26T07:54:46Z WRN failed to serve tunnel connection error="accept stream listener encountered a failure while serving" connIndex=0 event=0 ip=2606:4700:a8::1
2026-07-26T07:54:46Z WRN Serve tunnel error error="accept stream listener encountered a failure while serving" connIndex=0 event=0 ip=2606:4700:a8::1
2026-07-26T07:54:46Z INF Retrying connection in up to 1s connIndex=0 event=0 ip=2606:4700:a8::1
2026-07-26T07:54:46Z ERR failed to accept incoming stream requests error="failed to accept QUIC stream: timeout: no recent network activity" connIndex=1 event=0 ip=2606:4700:a0::2
2026-07-26T07:54:46Z ERR failed to run the datagram handler error="timeout: no recent network activity" connIndex=1 event=0 ip=2606:4700:a0::2
2026-07-26T07:54:46Z ERR failed to serve tunnel connection error="accept stream listener encountered a failure while serving" connIndex=1 event=0 ip=2606:4700:a0::2
2026-07-26T07:54:46Z ERR Serve tunnel error error="accept stream listener encountered a failure while serving" connIndex=1 event=0 ip=2606:4700:a0::2
2026-07-26T07:54:46Z INF Retrying connection in up to 1s connIndex=1 event=0 ip=2606:4700:a0::2
2026-07-26T07:54:47Z ERR Connection terminated error="datagram manager encountered a failure while serving" connIndex=2
2026-07-26T07:54:47Z ERR Connection terminated error="accept stream listener encountered a failure while serving" connIndex=1
2026-07-26T07:54:47Z ERR Connection terminated error="datagram manager encountered a failure while serving" connIndex=3
2026-07-26T07:54:48Z INF Tunnel connection curve preferences: [X25519MLKEM768 CurveID(65074) CurveP256] connIndex=0 event=0 ip=2606:4700:a8::1
2026-07-26T07:54:48Z INF Registered tunnel connection connIndex=0 connection=2a9c6091-f152-4a97-a16f-90b43fabdd21 event=0 ip=2606:4700:a8::1 location=ewr15 protocol=quic
2026-07-26T07:58:57Z ERR failed to accept incoming stream requests error="failed to accept QUIC stream: timeout: no recent network activity" connIndex=0 event=0 ip=2606:4700:a8::1
2026-07-26T07:58:57Z ERR failed to run the datagram handler error="timeout: no recent network activity" connIndex=0 event=0 ip=2606:4700:a8::1
2026-07-26T07:58:57Z ERR failed to serve tunnel connection error="accept stream listener encountered a failure while serving" connIndex=0 event=0 ip=2606:4700:a8::1
2026-07-26T07:58:57Z ERR Serve tunnel error error="accept stream listener encountered a failure while serving" connIndex=0 event=0 ip=2606:4700:a8::1
2026-07-26T07:58:57Z INF Retrying connection in up to 1s connIndex=0 event=0 ip=2606:4700:a8::1
2026-07-26T07:58:58Z INF Tunnel connection curve preferences: [X25519MLKEM768 CurveID(65074) CurveP256] connIndex=0 event=0 ip=2606:4700:a8::1
2026-07-26T07:58:59Z INF Registered tunnel connection connIndex=0 connection=bdf81dd9-3237-410e-bea1-da728295b68d event=0 ip=2606:4700:a8::1 location=ewr15 protocol=quic
2026-07-26T07:59:09Z INF Tunnel connection curve preferences: [X25519MLKEM768 CurveID(65074) CurveP256] connIndex=3 event=0 ip=2606:4700:a8::9
2026-07-26T07:59:09Z INF Tunnel connection curve preferences: [X25519MLKEM768 CurveID(65074) CurveP256] connIndex=2 event=0 ip=2606:4700:a0::4
2026-07-26T07:59:09Z INF Tunnel connection curve preferences: [X25519MLKEM768 CurveID(65074) CurveP256] connIndex=1 event=0 ip=2606:4700:a0::2
2026-07-26T07:59:09Z INF Registered tunnel connection connIndex=1 connection=0481f030-252f-435b-93f5-497e3d4bd987 event=0 ip=2606:4700:a0::2 location=ewr13 protocol=quic
2026-07-26T07:59:09Z INF Registered tunnel connection connIndex=3 connection=f72892fa-1fdf-42e3-bd79-6a520e6b4e58 event=0 ip=2606:4700:a8::9 location=ewr14 protocol=quic
2026-07-26T07:59:09Z INF Registered tunnel connection connIndex=2 connection=b753159c-569d-44d5-9fa6-1d5da236ffd5 event=0 ip=2606:4700:a0::4 location=ewr05 protocol=quic
2026-07-26T08:17:40Z ERR failed to accept incoming stream requests error="failed to accept QUIC stream: timeout: no recent network activity" connIndex=3 event=0 ip=2606:4700:a8::9
2026-07-26T08:17:40Z ERR failed to accept incoming stream requests error="failed to accept QUIC stream: timeout: no recent network activity" connIndex=2 event=0 ip=2606:4700:a0::4
2026-07-26T08:17:40Z ERR failed to run the datagram handler error="timeout: no recent network activity" connIndex=3 event=0 ip=2606:4700:a8::9
2026-07-26T08:17:40Z ERR failed to run the datagram handler error="timeout: no recent network activity" connIndex=2 event=0 ip=2606:4700:a0::4
2026-07-26T08:17:40Z WRN failed to serve tunnel connection error="accept stream listener encountered a failure while serving" connIndex=3 event=0 ip=2606:4700:a8::9
2026-07-26T08:17:40Z WRN failed to serve tunnel connection error="accept stream listener encountered a failure while serving" connIndex=2 event=0 ip=2606:4700:a0::4
2026-07-26T08:17:40Z WRN Serve tunnel error error="accept stream listener encountered a failure while serving" connIndex=3 event=0 ip=2606:4700:a8::9
2026-07-26T08:17:40Z INF Retrying connection in up to 1s connIndex=3 event=0 ip=2606:4700:a8::9
2026-07-26T08:17:40Z WRN Serve tunnel error error="accept stream listener encountered a failure while serving" connIndex=2 event=0 ip=2606:4700:a0::4
2026-07-26T08:17:40Z INF Retrying connection in up to 1s connIndex=2 event=0 ip=2606:4700:a0::4
2026-07-26T08:17:40Z ERR failed to run the datagram handler error="timeout: no recent network activity" connIndex=0 event=0 ip=2606:4700:a8::1
2026-07-26T08:17:40Z ERR failed to accept incoming stream requests error="failed to accept QUIC stream: timeout: no recent network activity" connIndex=0 event=0 ip=2606:4700:a8::1
2026-07-26T08:17:40Z WRN failed to serve tunnel connection error="datagram manager encountered a failure while serving" connIndex=0 event=0 ip=2606:4700:a8::1
2026-07-26T08:17:40Z WRN Serve tunnel error error="datagram manager encountered a failure while serving" connIndex=0 event=0 ip=2606:4700:a8::1
2026-07-26T08:17:40Z INF Retrying connection in up to 1s connIndex=0 event=0 ip=2606:4700:a8::1
2026-07-26T08:17:40Z WRN Connection terminated error="accept stream listener encountered a failure while serving" connIndex=3
2026-07-26T08:33:47Z INF Tunnel connection curve preferences: [X25519MLKEM768 CurveID(65074) CurveP256] connIndex=0 event=0 ip=2606:4700:a8::1
2026-07-26T08:33:47Z ERR failed to accept incoming stream requests error="failed to accept QUIC stream: timeout: no recent network activity" connIndex=1 event=0 ip=2606:4700:a0::2
2026-07-26T08:33:47Z ERR failed to run the datagram handler error="context canceled" connIndex=1 event=0 ip=2606:4700:a0::2
2026-07-26T08:33:47Z ERR failed to serve tunnel connection error="accept stream listener encountered a failure while serving" connIndex=1 event=0 ip=2606:4700:a0::2
2026-07-26T08:33:47Z ERR Serve tunnel error error="accept stream listener encountered a failure while serving" connIndex=1 event=0 ip=2606:4700:a0::2
2026-07-26T08:33:47Z INF Retrying connection in up to 1s connIndex=1 event=0 ip=2606:4700:a0::2
2026-07-26T08:33:48Z INF Registered tunnel connection connIndex=0 connection=ae2b73c9-12c5-4342-a51c-60e741fbf328 event=0 ip=2606:4700:a8::1 location=ewr15 protocol=quic
2026-07-26T08:33:48Z WRN Connection terminated error="accept stream listener encountered a failure while serving" connIndex=2
2026-07-26T08:33:49Z WRN Connection terminated error="accept stream listener encountered a failure while serving" connIndex=1
2026-07-26T08:36:32Z ERR failed to accept incoming stream requests error="failed to accept QUIC stream: timeout: no recent network activity" connIndex=0 event=0 ip=2606:4700:a8::1
2026-07-26T08:36:32Z ERR failed to run the datagram handler error="context canceled" connIndex=0 event=0 ip=2606:4700:a8::1
2026-07-26T08:36:32Z ERR failed to serve tunnel connection error="accept stream listener encountered a failure while serving" connIndex=0 event=0 ip=2606:4700:a8::1
2026-07-26T08:36:32Z ERR Serve tunnel error error="accept stream listener encountered a failure while serving" connIndex=0 event=0 ip=2606:4700:a8::1
2026-07-26T08:36:32Z INF Retrying connection in up to 1s connIndex=0 event=0 ip=2606:4700:a8::1
2026-07-26T08:36:33Z INF Tunnel connection curve preferences: [X25519MLKEM768 CurveID(65074) CurveP256] connIndex=0 event=0 ip=2606:4700:a8::1
2026-07-26T08:36:33Z INF Registered tunnel connection connIndex=0 connection=3b1a5cd5-2d52-4395-b6b3-67c41caf806e event=0 ip=2606:4700:a8::1 location=ewr15 protocol=quic
2026-07-26T08:38:13Z ERR failed to accept incoming stream requests error="failed to accept QUIC stream: timeout: no recent network activity" connIndex=0 event=0 ip=2606:4700:a8::1
2026-07-26T08:38:13Z ERR failed to run the datagram handler error="timeout: no recent network activity" connIndex=0 event=0 ip=2606:4700:a8::1
2026-07-26T08:38:13Z ERR failed to serve tunnel connection error="accept stream listener encountered a failure while serving" connIndex=0 event=0 ip=2606:4700:a8::1
2026-07-26T08:38:13Z ERR Serve tunnel error error="accept stream listener encountered a failure while serving" connIndex=0 event=0 ip=2606:4700:a8::1
2026-07-26T08:38:13Z INF Retrying connection in up to 1s connIndex=0 event=0 ip=2606:4700:a8::1
2026-07-26T08:38:14Z INF Tunnel connection curve preferences: [X25519MLKEM768 CurveID(65074) CurveP256] connIndex=0 event=0 ip=2606:4700:a8::1
2026-07-26T08:38:14Z INF Registered tunnel connection connIndex=0 connection=572b3d8b-f77d-4fc3-bfd0-9a652ffc4f50 event=0 ip=2606:4700:a8::1 location=ewr15 protocol=quic
2026-07-26T08:39:09Z ERR failed to accept incoming stream requests error="failed to accept QUIC stream: timeout: no recent network activity" connIndex=0 event=0 ip=2606:4700:a8::1
2026-07-26T08:39:09Z ERR failed to run the datagram handler error="timeout: no recent network activity" connIndex=0 event=0 ip=2606:4700:a8::1
2026-07-26T08:39:09Z ERR failed to serve tunnel connection error="accept stream listener encountered a failure while serving" connIndex=0 event=0 ip=2606:4700:a8::1
2026-07-26T08:39:09Z ERR Serve tunnel error error="accept stream listener encountered a failure while serving" connIndex=0 event=0 ip=2606:4700:a8::1
2026-07-26T08:39:09Z INF Retrying connection in up to 1s connIndex=0 event=0 ip=2606:4700:a8::1
2026-07-26T08:39:10Z INF Tunnel connection curve preferences: [X25519MLKEM768 CurveID(65074) CurveP256] connIndex=0 event=0 ip=2606:4700:a8::1
2026-07-26T08:39:11Z INF Registered tunnel connection connIndex=0 connection=2450f661-5cb7-429a-b1ba-8a41114d3eaa event=0 ip=2606:4700:a8::1 location=ewr15 protocol=quic
2026-07-26T08:45:45Z INF Tunnel connection curve preferences: [X25519MLKEM768 CurveID(65074) CurveP256] connIndex=1 event=0 ip=2606:4700:a0::2
2026-07-26T08:45:45Z INF Tunnel connection curve preferences: [X25519MLKEM768 CurveID(65074) CurveP256] connIndex=2 event=0 ip=2606:4700:a0::4
2026-07-26T08:45:45Z INF Tunnel connection curve preferences: [X25519MLKEM768 CurveID(65074) CurveP256] connIndex=3 event=0 ip=2606:4700:a8::9
2026-07-26T08:45:45Z INF Registered tunnel connection connIndex=1 connection=2fa720e9-d114-477d-872c-15adf292e919 event=0 ip=2606:4700:a0::2 location=ewr13 protocol=quic
2026-07-26T08:45:45Z INF Registered tunnel connection connIndex=2 connection=363428d4-a073-4eff-8292-a3bc151f3900 event=0 ip=2606:4700:a0::4 location=ewr05 protocol=quic
2026-07-26T08:45:45Z INF Registered tunnel connection connIndex=3 connection=66a9a7d5-dde4-40bc-932d-b30de58f8286 event=0 ip=2606:4700:a8::9 location=ewr14 protocol=quic
2026-07-26T08:45:45Z ERR failed to accept incoming stream requests error="failed to accept QUIC stream: timeout: no recent network activity" connIndex=0 event=0 ip=2606:4700:a8::1
2026-07-26T08:45:45Z ERR failed to run the datagram handler error="context canceled" connIndex=0 event=0 ip=2606:4700:a8::1
2026-07-26T08:45:45Z WRN failed to serve tunnel connection error="accept stream listener encountered a failure while serving" connIndex=0 event=0 ip=2606:4700:a8::1
2026-07-26T08:45:45Z WRN Serve tunnel error error="accept stream listener encountered a failure while serving" connIndex=0 event=0 ip=2606:4700:a8::1
2026-07-26T08:45:45Z INF Retrying connection in up to 1s connIndex=0 event=0 ip=2606:4700:a8::1
2026-07-26T08:45:47Z INF Tunnel connection curve preferences: [X25519MLKEM768 CurveID(65074) CurveP256] connIndex=0 event=0 ip=2606:4700:a8::1
2026-07-26T08:45:47Z INF Registered tunnel connection connIndex=0 connection=9116e185-23d0-43a7-ae3b-bddc029a98bb event=0 ip=2606:4700:a8::1 location=ewr15 protocol=quic
2026-07-26T08:54:03Z ERR failed to run the datagram handler error="timeout: no recent network activity" connIndex=0 event=0 ip=2606:4700:a8::1
2026-07-26T08:54:03Z ERR failed to accept incoming stream requests error="failed to accept QUIC stream: timeout: no recent network activity" connIndex=2 event=0 ip=2606:4700:a0::4
2026-07-26T08:54:03Z ERR failed to accept incoming stream requests error="failed to accept QUIC stream: timeout: no recent network activity" connIndex=1 event=0 ip=2606:4700:a0::2
2026-07-26T08:54:03Z ERR failed to run the datagram handler error="timeout: no recent network activity" connIndex=2 event=0 ip=2606:4700:a0::4
2026-07-26T08:54:03Z ERR failed to run the datagram handler error="timeout: no recent network activity" connIndex=1 event=0 ip=2606:4700:a0::2
2026-07-26T08:54:03Z ERR failed to accept incoming stream requests error="failed to accept QUIC stream: timeout: no recent network activity" connIndex=0 event=0 ip=2606:4700:a8::1
2026-07-26T08:54:03Z WRN failed to serve tunnel connection error="accept stream listener encountered a failure while serving" connIndex=1 event=0 ip=2606:4700:a0::2
2026-07-26T08:54:03Z WRN Serve tunnel error error="accept stream listener encountered a failure while serving" connIndex=1 event=0 ip=2606:4700:a0::2
2026-07-26T08:54:03Z INF Retrying connection in up to 1s connIndex=1 event=0 ip=2606:4700:a0::2
2026-07-26T08:54:03Z WRN failed to serve tunnel connection error="accept stream listener encountered a failure while serving" connIndex=2 event=0 ip=2606:4700:a0::4
2026-07-26T08:54:03Z WRN Serve tunnel error error="accept stream listener encountered a failure while serving" connIndex=2 event=0 ip=2606:4700:a0::4
2026-07-26T08:54:03Z INF Retrying connection in up to 1s connIndex=2 event=0 ip=2606:4700:a0::4
2026-07-26T08:54:03Z WRN failed to serve tunnel connection error="datagram manager encountered a failure while serving" connIndex=0 event=0 ip=2606:4700:a8::1
2026-07-26T08:54:03Z WRN Serve tunnel error error="datagram manager encountered a failure while serving" connIndex=0 event=0 ip=2606:4700:a8::1
2026-07-26T08:54:03Z INF Retrying connection in up to 1s connIndex=0 event=0 ip=2606:4700:a8::1
2026-07-26T08:54:03Z WRN Connection terminated error="accept stream listener encountered a failure while serving" connIndex=2
2026-07-26T08:54:04Z ERR failed to accept incoming stream requests error="failed to accept QUIC stream: timeout: no recent network activity" connIndex=3 event=0 ip=2606:4700:a8::9
2026-07-26T08:54:04Z ERR failed to run the datagram handler error="context canceled" connIndex=3 event=0 ip=2606:4700:a8::9
2026-07-26T08:54:04Z ERR failed to serve tunnel connection error="accept stream listener encountered a failure while serving" connIndex=3 event=0 ip=2606:4700:a8::9
2026-07-26T08:54:04Z ERR Serve tunnel error error="accept stream listener encountered a failure while serving" connIndex=3 event=0 ip=2606:4700:a8::9
2026-07-26T08:54:04Z INF Retrying connection in up to 1s connIndex=3 event=0 ip=2606:4700:a8::9
2026-07-26T08:54:04Z INF Tunnel connection curve preferences: [X25519MLKEM768 CurveID(65074) CurveP256] connIndex=0 event=0 ip=2606:4700:a8::1
2026-07-26T08:54:04Z ERR Connection terminated error="accept stream listener encountered a failure while serving" connIndex=3
2026-07-26T08:54:04Z ERR Connection terminated error="accept stream listener encountered a failure while serving" connIndex=1
2026-07-26T08:54:04Z INF Registered tunnel connection connIndex=0 connection=77a6af0e-c647-4134-a646-683ed953a22a event=0 ip=2606:4700:a8::1 location=ewr15 protocol=quic
2026-07-26T08:54:09Z INF Tunnel connection curve preferences: [X25519MLKEM768 CurveID(65074) CurveP256] connIndex=1 event=0 ip=2606:4700:a0::2
2026-07-26T08:54:09Z INF Tunnel connection curve preferences: [X25519MLKEM768 CurveID(65074) CurveP256] connIndex=2 event=0 ip=2606:4700:a0::4
2026-07-26T08:54:09Z INF Tunnel connection curve preferences: [X25519MLKEM768 CurveID(65074) CurveP256] connIndex=3 event=0 ip=2606:4700:a8::9
2026-07-26T08:54:09Z INF Registered tunnel connection connIndex=2 connection=3d80bbbf-926d-4762-b0d7-14c6880099bd event=0 ip=2606:4700:a0::4 location=ewr05 protocol=quic
2026-07-26T08:54:09Z INF Registered tunnel connection connIndex=1 connection=cf7fa717-7def-4ddc-bda8-1672022385be event=0 ip=2606:4700:a0::2 location=ewr13 protocol=quic
2026-07-26T08:54:09Z INF Registered tunnel connection connIndex=3 connection=b72ddc35-75af-4085-b139-e703c8f5812f event=0 ip=2606:4700:a8::9 location=ewr14 protocol=quic
2026-07-26T09:07:30Z ERR failed to accept incoming stream requests error="failed to accept QUIC stream: timeout: no recent network activity" connIndex=2 event=0 ip=2606:4700:a0::4
2026-07-26T09:07:30Z ERR failed to accept incoming stream requests error="failed to accept QUIC stream: timeout: no recent network activity" connIndex=1 event=0 ip=2606:4700:a0::2
2026-07-26T09:07:30Z ERR failed to run the datagram handler error="timeout: no recent network activity" connIndex=1 event=0 ip=2606:4700:a0::2
2026-07-26T09:07:30Z ERR failed to accept incoming stream requests error="failed to accept QUIC stream: timeout: no recent network activity" connIndex=3 event=0 ip=2606:4700:a8::9
2026-07-26T09:07:30Z ERR failed to run the datagram handler error="timeout: no recent network activity" connIndex=2 event=0 ip=2606:4700:a0::4
2026-07-26T09:07:30Z ERR failed to accept incoming stream requests error="failed to accept QUIC stream: timeout: no recent network activity" connIndex=0 event=0 ip=2606:4700:a8::1
2026-07-26T09:07:30Z ERR failed to run the datagram handler error="timeout: no recent network activity" connIndex=3 event=0 ip=2606:4700:a8::9
2026-07-26T09:07:30Z WRN failed to serve tunnel connection error="accept stream listener encountered a failure while serving" connIndex=2 event=0 ip=2606:4700:a0::4
2026-07-26T09:07:30Z WRN failed to serve tunnel connection error="accept stream listener encountered a failure while serving" connIndex=1 event=0 ip=2606:4700:a0::2
2026-07-26T09:07:30Z ERR Serve tunnel error error="accept stream listener encountered a failure while serving" connIndex=2 event=0 ip=2606:4700:a0::4
2026-07-26T09:07:30Z ERR Serve tunnel error error="accept stream listener encountered a failure while serving" connIndex=1 event=0 ip=2606:4700:a0::2
2026-07-26T09:07:30Z INF Retrying connection in up to 1s connIndex=1 event=0 ip=2606:4700:a0::2
2026-07-26T09:07:30Z ERR failed to serve tunnel connection error="accept stream listener encountered a failure while serving" connIndex=3 event=0 ip=2606:4700:a8::9
2026-07-26T09:07:30Z INF Retrying connection in up to 1s connIndex=2 event=0 ip=2606:4700:a0::4
2026-07-26T09:07:30Z ERR failed to run the datagram handler error="timeout: no recent network activity" connIndex=0 event=0 ip=2606:4700:a8::1
2026-07-26T09:07:30Z ERR Serve tunnel error error="accept stream listener encountered a failure while serving" connIndex=3 event=0 ip=2606:4700:a8::9
2026-07-26T09:07:30Z INF Retrying connection in up to 1s connIndex=3 event=0 ip=2606:4700:a8::9
2026-07-26T09:07:30Z ERR failed to serve tunnel connection error="accept stream listener encountered a failure while serving" connIndex=0 event=0 ip=2606:4700:a8::1
2026-07-26T09:07:30Z ERR Serve tunnel error error="accept stream listener encountered a failure while serving" connIndex=0 event=0 ip=2606:4700:a8::1
2026-07-26T09:07:30Z INF Retrying connection in up to 1s connIndex=0 event=0 ip=2606:4700:a8::1
2026-07-26T09:07:31Z INF Tunnel connection curve preferences: [X25519MLKEM768 CurveID(65074) CurveP256] connIndex=0 event=0 ip=2606:4700:a8::1
2026-07-26T09:07:32Z INF Registered tunnel connection connIndex=0 connection=25674754-4fe0-4424-93fd-1bdac3319537 event=0 ip=2606:4700:a8::1 location=ewr15 protocol=quic
2026-07-26T09:07:32Z WRN Connection terminated error="accept stream listener encountered a failure while serving" connIndex=3
2026-07-26T09:07:32Z WRN Connection terminated error="accept stream listener encountered a failure while serving" connIndex=2
2026-07-26T09:07:32Z WRN Connection terminated error="accept stream listener encountered a failure while serving" connIndex=1
2026-07-26T09:08:03Z INF Tunnel connection curve preferences: [X25519MLKEM768 CurveID(65074) CurveP256] connIndex=1 event=0 ip=2606:4700:a0::2
2026-07-26T09:08:03Z INF Tunnel connection curve preferences: [X25519MLKEM768 CurveID(65074) CurveP256] connIndex=2 event=0 ip=2606:4700:a0::4
2026-07-26T09:08:03Z INF Tunnel connection curve preferences: [X25519MLKEM768 CurveID(65074) CurveP256] connIndex=3 event=0 ip=2606:4700:a8::9
2026-07-26T09:08:03Z INF Registered tunnel connection connIndex=2 connection=21b2d605-9205-4a06-b11f-45ede8de5008 event=0 ip=2606:4700:a0::4 location=ewr05 protocol=quic
2026-07-26T09:08:03Z INF Registered tunnel connection connIndex=1 connection=2572a7dd-5dbe-4449-847f-bb212b5ee7e8 event=0 ip=2606:4700:a0::2 location=ewr13 protocol=quic
2026-07-26T09:08:03Z INF Registered tunnel connection connIndex=3 connection=db4527d2-0147-477d-bf7e-fa066fa320ee event=0 ip=2606:4700:a8::9 location=ewr14 protocol=quic
2026-07-26T09:12:24Z ERR failed to accept incoming stream requests error="failed to accept QUIC stream: timeout: no recent network activity" connIndex=3 event=0 ip=2606:4700:a8::9
2026-07-26T09:12:24Z ERR failed to accept incoming stream requests error="failed to accept QUIC stream: timeout: no recent network activity" connIndex=1 event=0 ip=2606:4700:a0::2
2026-07-26T09:12:24Z ERR failed to run the datagram handler error="timeout: no recent network activity" connIndex=1 event=0 ip=2606:4700:a0::2
2026-07-26T09:12:24Z ERR failed to run the datagram handler error="timeout: no recent network activity" connIndex=3 event=0 ip=2606:4700:a8::9
2026-07-26T09:12:24Z WRN failed to serve tunnel connection error="accept stream listener encountered a failure while serving" connIndex=3 event=0 ip=2606:4700:a8::9
2026-07-26T09:12:24Z ERR failed to accept incoming stream requests error="failed to accept QUIC stream: timeout: no recent network activity" connIndex=0 event=0 ip=2606:4700:a8::1
2026-07-26T09:12:24Z WRN Serve tunnel error error="accept stream listener encountered a failure while serving" connIndex=3 event=0 ip=2606:4700:a8::9
2026-07-26T09:12:24Z WRN failed to serve tunnel connection error="accept stream listener encountered a failure while serving" connIndex=1 event=0 ip=2606:4700:a0::2
2026-07-26T09:12:24Z INF Retrying connection in up to 1s connIndex=3 event=0 ip=2606:4700:a8::9
2026-07-26T09:12:24Z ERR failed to run the datagram handler error="timeout: no recent network activity" connIndex=0 event=0 ip=2606:4700:a8::1
2026-07-26T09:12:24Z WRN Serve tunnel error error="accept stream listener encountered a failure while serving" connIndex=1 event=0 ip=2606:4700:a0::2
2026-07-26T09:12:24Z INF Retrying connection in up to 1s connIndex=1 event=0 ip=2606:4700:a0::2
2026-07-26T09:12:24Z WRN failed to serve tunnel connection error="accept stream listener encountered a failure while serving" connIndex=0 event=0 ip=2606:4700:a8::1
2026-07-26T09:12:24Z WRN Serve tunnel error error="accept stream listener encountered a failure while serving" connIndex=0 event=0 ip=2606:4700:a8::1
2026-07-26T09:12:24Z INF Retrying connection in up to 1s connIndex=0 event=0 ip=2606:4700:a8::1
2026-07-26T09:12:24Z ERR failed to accept incoming stream requests error="failed to accept QUIC stream: timeout: no recent network activity" connIndex=2 event=0 ip=2606:4700:a0::4
2026-07-26T09:12:24Z ERR failed to run the datagram handler error="context canceled" connIndex=2 event=0 ip=2606:4700:a0::4
2026-07-26T09:12:24Z ERR failed to serve tunnel connection error="accept stream listener encountered a failure while serving" connIndex=2 event=0 ip=2606:4700:a0::4
2026-07-26T09:12:24Z ERR Serve tunnel error error="accept stream listener encountered a failure while serving" connIndex=2 event=0 ip=2606:4700:a0::4
2026-07-26T09:12:24Z INF Retrying connection in up to 1s connIndex=2 event=0 ip=2606:4700:a0::4
2026-07-26T09:12:25Z INF Tunnel connection curve preferences: [X25519MLKEM768 CurveID(65074) CurveP256] connIndex=0 event=0 ip=2606:4700:a8::1
2026-07-26T09:12:25Z INF Registered tunnel connection connIndex=0 connection=0fef6263-9682-4fe2-85af-9736fa6ced36 event=0 ip=2606:4700:a8::1 location=ewr15 protocol=quic
2026-07-26T09:12:25Z WRN Connection terminated error="accept stream listener encountered a failure while serving" connIndex=1
2026-07-26T09:12:26Z WRN Connection terminated error="accept stream listener encountered a failure while serving" connIndex=3
2026-07-26T09:12:26Z WRN Connection terminated error="accept stream listener encountered a failure while serving" connIndex=2
2026-07-26T09:12:29Z INF Tunnel connection curve preferences: [X25519MLKEM768 CurveID(65074) CurveP256] connIndex=2 event=0 ip=2606:4700:a0::4
2026-07-26T09:12:29Z INF Tunnel connection curve preferences: [X25519MLKEM768 CurveID(65074) CurveP256] connIndex=1 event=0 ip=2606:4700:a0::2
2026-07-26T09:12:29Z INF Tunnel connection curve preferences: [X25519MLKEM768 CurveID(65074) CurveP256] connIndex=3 event=0 ip=2606:4700:a8::9
2026-07-26T09:12:30Z INF Registered tunnel connection connIndex=3 connection=879e6b0c-e7f2-4efe-8290-b8ffcf4425f5 event=0 ip=2606:4700:a8::9 location=ewr14 protocol=quic
2026-07-26T09:12:30Z INF Registered tunnel connection connIndex=2 connection=bd787aa1-faee-4512-a68d-09a440e678a4 event=0 ip=2606:4700:a0::4 location=ewr05 protocol=quic
2026-07-26T09:12:30Z INF Registered tunnel connection connIndex=1 connection=be9f3068-0603-4912-a308-c722ad8fab94 event=0 ip=2606:4700:a0::2 location=ewr13 protocol=quic
2026-07-26T09:18:32Z ERR failed to run the datagram handler error="timeout: no recent network activity" connIndex=1 event=0 ip=2606:4700:a0::2
2026-07-26T09:18:32Z ERR failed to accept incoming stream requests error="failed to accept QUIC stream: timeout: no recent network activity" connIndex=1 event=0 ip=2606:4700:a0::2
2026-07-26T09:18:32Z WRN failed to serve tunnel connection error="datagram manager encountered a failure while serving" connIndex=1 event=0 ip=2606:4700:a0::2
2026-07-26T09:18:32Z WRN Serve tunnel error error="datagram manager encountered a failure while serving" connIndex=1 event=0 ip=2606:4700:a0::2
2026-07-26T09:18:32Z INF Retrying connection in up to 1s connIndex=1 event=0 ip=2606:4700:a0::2
2026-07-26T09:18:32Z ERR failed to accept incoming stream requests error="failed to accept QUIC stream: timeout: no recent network activity" connIndex=2 event=0 ip=2606:4700:a0::4
2026-07-26T09:18:32Z ERR failed to run the datagram handler error="timeout: no recent network activity" connIndex=0 event=0 ip=2606:4700:a8::1
2026-07-26T09:18:32Z ERR failed to accept incoming stream requests error="failed to accept QUIC stream: timeout: no recent network activity" connIndex=0 event=0 ip=2606:4700:a8::1
2026-07-26T09:18:32Z ERR failed to run the datagram handler error="timeout: no recent network activity" connIndex=3 event=0 ip=2606:4700:a8::9
2026-07-26T09:18:32Z ERR failed to run the datagram handler error="timeout: no recent network activity" connIndex=2 event=0 ip=2606:4700:a0::4
2026-07-26T09:18:32Z ERR failed to accept incoming stream requests error="failed to accept QUIC stream: timeout: no recent network activity" connIndex=3 event=0 ip=2606:4700:a8::9
2026-07-26T09:18:32Z ERR failed to serve tunnel connection error="datagram manager encountered a failure while serving" connIndex=0 event=0 ip=2606:4700:a8::1
2026-07-26T09:18:32Z ERR failed to serve tunnel connection error="datagram manager encountered a failure while serving" connIndex=3 event=0 ip=2606:4700:a8::9
2026-07-26T09:18:32Z ERR Serve tunnel error error="datagram manager encountered a failure while serving" connIndex=0 event=0 ip=2606:4700:a8::1
2026-07-26T09:18:32Z ERR Serve tunnel error error="datagram manager encountered a failure while serving" connIndex=3 event=0 ip=2606:4700:a8::9
2026-07-26T09:18:32Z INF Retrying connection in up to 1s connIndex=3 event=0 ip=2606:4700:a8::9
2026-07-26T09:18:32Z INF Retrying connection in up to 1s connIndex=0 event=0 ip=2606:4700:a8::1
2026-07-26T09:18:32Z ERR failed to serve tunnel connection error="accept stream listener encountered a failure while serving" connIndex=2 event=0 ip=2606:4700:a0::4
2026-07-26T09:18:32Z ERR Serve tunnel error error="accept stream listener encountered a failure while serving" connIndex=2 event=0 ip=2606:4700:a0::4
2026-07-26T09:18:32Z INF Retrying connection in up to 1s connIndex=2 event=0 ip=2606:4700:a0::4
2026-07-26T09:18:32Z INF Tunnel connection curve preferences: [X25519MLKEM768 CurveID(65074) CurveP256] connIndex=0 event=0 ip=2606:4700:a8::1
2026-07-26T09:18:33Z INF Registered tunnel connection connIndex=0 connection=de098985-2b78-4b40-bb8b-238e083552ed event=0 ip=2606:4700:a8::1 location=ewr15 protocol=quic
2026-07-26T09:18:33Z WRN Connection terminated error="datagram manager encountered a failure while serving" connIndex=1
2026-07-26T09:18:34Z WRN Connection terminated error="datagram manager encountered a failure while serving" connIndex=3
2026-07-26T09:18:34Z WRN Connection terminated error="accept stream listener encountered a failure while serving" connIndex=2
2026-07-26T09:18:39Z INF Tunnel connection curve preferences: [X25519MLKEM768 CurveID(65074) CurveP256] connIndex=2 event=0 ip=2606:4700:a0::4
2026-07-26T09:18:39Z INF Tunnel connection curve preferences: [X25519MLKEM768 CurveID(65074) CurveP256] connIndex=1 event=0 ip=2606:4700:a0::2
2026-07-26T09:18:39Z INF Tunnel connection curve preferences: [X25519MLKEM768 CurveID(65074) CurveP256] connIndex=3 event=0 ip=2606:4700:a8::9
2026-07-26T09:18:39Z INF Registered tunnel connection connIndex=2 connection=48be02e1-0513-4edf-a386-aaa4dceb864e event=0 ip=2606:4700:a0::4 location=ewr05 protocol=quic
2026-07-26T09:18:39Z INF Registered tunnel connection connIndex=1 connection=76826462-0c1f-47bc-b50a-def0927a1eb8 event=0 ip=2606:4700:a0::2 location=ewr13 protocol=quic
2026-07-26T09:18:39Z INF Registered tunnel connection connIndex=3 connection=52d6cac1-37d0-4909-9265-c71809ee13c1 event=0 ip=2606:4700:a8::9 location=ewr14 protocol=quic
2026-07-26T09:26:47Z ERR failed to accept incoming stream requests error="failed to accept QUIC stream: timeout: no recent network activity" connIndex=1 event=0 ip=2606:4700:a0::2
2026-07-26T09:26:47Z ERR failed to run the datagram handler error="timeout: no recent network activity" connIndex=1 event=0 ip=2606:4700:a0::2
2026-07-26T09:26:47Z ERR failed to run the datagram handler error="timeout: no recent network activity" connIndex=2 event=0 ip=2606:4700:a0::4
2026-07-26T09:26:47Z ERR failed to accept incoming stream requests error="failed to accept QUIC stream: timeout: no recent network activity" connIndex=2 event=0 ip=2606:4700:a0::4
2026-07-26T09:26:47Z WRN failed to serve tunnel connection error="datagram manager encountered a failure while serving" connIndex=2 event=0 ip=2606:4700:a0::4
2026-07-26T09:26:47Z WRN Serve tunnel error error="datagram manager encountered a failure while serving" connIndex=2 event=0 ip=2606:4700:a0::4
2026-07-26T09:26:47Z INF Retrying connection in up to 1s connIndex=2 event=0 ip=2606:4700:a0::4
2026-07-26T09:26:47Z WRN failed to serve tunnel connection error="accept stream listener encountered a failure while serving" connIndex=1 event=0 ip=2606:4700:a0::2
2026-07-26T09:26:47Z WRN Serve tunnel error error="accept stream listener encountered a failure while serving" connIndex=1 event=0 ip=2606:4700:a0::2
2026-07-26T09:26:47Z INF Retrying connection in up to 1s connIndex=1 event=0 ip=2606:4700:a0::2
2026-07-26T09:26:47Z ERR failed to accept incoming stream requests error="failed to accept QUIC stream: timeout: no recent network activity" connIndex=0 event=0 ip=2606:4700:a8::1
2026-07-26T09:26:47Z ERR failed to run the datagram handler error="timeout: no recent network activity" connIndex=0 event=0 ip=2606:4700:a8::1
2026-07-26T09:26:47Z WRN failed to serve tunnel connection error="accept stream listener encountered a failure while serving" connIndex=0 event=0 ip=2606:4700:a8::1
2026-07-26T09:26:47Z WRN Serve tunnel error error="accept stream listener encountered a failure while serving" connIndex=0 event=0 ip=2606:4700:a8::1
2026-07-26T09:26:47Z INF Retrying connection in up to 1s connIndex=0 event=0 ip=2606:4700:a8::1
2026-07-26T09:26:47Z WRN Connection terminated error="datagram manager encountered a failure while serving" connIndex=2
2026-07-26T09:26:47Z ERR failed to accept incoming stream requests error="failed to accept QUIC stream: timeout: no recent network activity" connIndex=3 event=0 ip=2606:4700:a8::9
2026-07-26T09:26:47Z ERR failed to run the datagram handler error="context canceled" connIndex=3 event=0 ip=2606:4700:a8::9
2026-07-26T09:26:47Z ERR failed to serve tunnel connection error="accept stream listener encountered a failure while serving" connIndex=3 event=0 ip=2606:4700:a8::9
2026-07-26T09:26:47Z ERR Serve tunnel error error="accept stream listener encountered a failure while serving" connIndex=3 event=0 ip=2606:4700:a8::9
2026-07-26T09:26:47Z INF Retrying connection in up to 1s connIndex=3 event=0 ip=2606:4700:a8::9
2026-07-26T09:26:47Z INF Tunnel connection curve preferences: [X25519MLKEM768 CurveID(65074) CurveP256] connIndex=0 event=0 ip=2606:4700:a8::1
2026-07-26T09:26:47Z INF Registered tunnel connection connIndex=0 connection=6ff623df-fab1-42e9-ab18-b0e61b04d974 event=0 ip=2606:4700:a8::1 location=ewr15 protocol=quic
2026-07-26T09:26:48Z WRN Connection terminated error="accept stream listener encountered a failure while serving" connIndex=3
2026-07-26T09:26:48Z WRN Connection terminated error="accept stream listener encountered a failure while serving" connIndex=1
2026-07-26T09:26:49Z INF Tunnel connection curve preferences: [X25519MLKEM768 CurveID(65074) CurveP256] connIndex=1 event=0 ip=2606:4700:a0::2
2026-07-26T09:26:49Z INF Tunnel connection curve preferences: [X25519MLKEM768 CurveID(65074) CurveP256] connIndex=3 event=0 ip=2606:4700:a8::9
2026-07-26T09:26:49Z INF Tunnel connection curve preferences: [X25519MLKEM768 CurveID(65074) CurveP256] connIndex=2 event=0 ip=2606:4700:a0::4
2026-07-26T09:26:49Z INF Registered tunnel connection connIndex=3 connection=ae94b84a-d285-4ddd-8ad6-71c34d2a1b62 event=0 ip=2606:4700:a8::9 location=ewr14 protocol=quic
2026-07-26T09:26:49Z INF Registered tunnel connection connIndex=2 connection=239002ca-24b7-4be2-942e-5b8aad0f7602 event=0 ip=2606:4700:a0::4 location=ewr05 protocol=quic
2026-07-26T09:26:49Z INF Registered tunnel connection connIndex=1 connection=0dfd508a-a071-4142-b3f7-57449257a06e event=0 ip=2606:4700:a0::2 location=ewr13 protocol=quic
2026-07-26T09:38:15Z ERR failed to accept incoming stream requests error="failed to accept QUIC stream: timeout: no recent network activity" connIndex=0 event=0 ip=2606:4700:a8::1
2026-07-26T09:38:15Z ERR failed to run the datagram handler error="timeout: no recent network activity" connIndex=0 event=0 ip=2606:4700:a8::1
2026-07-26T09:38:15Z WRN failed to serve tunnel connection error="accept stream listener encountered a failure while serving" connIndex=0 event=0 ip=2606:4700:a8::1
2026-07-26T09:38:15Z WRN Serve tunnel error error="accept stream listener encountered a failure while serving" connIndex=0 event=0 ip=2606:4700:a8::1
2026-07-26T09:38:15Z INF Retrying connection in up to 1s connIndex=0 event=0 ip=2606:4700:a8::1
2026-07-26T09:38:15Z ERR failed to accept incoming stream requests error="failed to accept QUIC stream: timeout: no recent network activity" connIndex=2 event=0 ip=2606:4700:a0::4
2026-07-26T09:38:15Z ERR failed to run the datagram handler error="timeout: no recent network activity" connIndex=2 event=0 ip=2606:4700:a0::4
2026-07-26T09:38:15Z WRN failed to serve tunnel connection error="accept stream listener encountered a failure while serving" connIndex=2 event=0 ip=2606:4700:a0::4
2026-07-26T09:38:15Z WRN Serve tunnel error error="accept stream listener encountered a failure while serving" connIndex=2 event=0 ip=2606:4700:a0::4
2026-07-26T09:38:15Z INF Retrying connection in up to 1s connIndex=2 event=0 ip=2606:4700:a0::4
2026-07-26T09:38:15Z ERR failed to accept incoming stream requests error="failed to accept QUIC stream: timeout: no recent network activity" connIndex=3 event=0 ip=2606:4700:a8::9
2026-07-26T09:38:15Z ERR failed to run the datagram handler error="timeout: no recent network activity" connIndex=3 event=0 ip=2606:4700:a8::9
2026-07-26T09:38:15Z WRN failed to serve tunnel connection error="accept stream listener encountered a failure while serving" connIndex=3 event=0 ip=2606:4700:a8::9
2026-07-26T09:38:15Z WRN Serve tunnel error error="accept stream listener encountered a failure while serving" connIndex=3 event=0 ip=2606:4700:a8::9
2026-07-26T09:38:15Z INF Retrying connection in up to 1s connIndex=3 event=0 ip=2606:4700:a8::9
2026-07-26T09:38:15Z WRN Connection terminated error="accept stream listener encountered a failure while serving" connIndex=3
2026-07-26T09:38:16Z ERR failed to accept incoming stream requests error="failed to accept QUIC stream: timeout: no recent network activity" connIndex=1 event=0 ip=2606:4700:a0::2
2026-07-26T09:38:16Z ERR failed to run the datagram handler error="timeout: no recent network activity" connIndex=1 event=0 ip=2606:4700:a0::2
2026-07-26T09:38:16Z ERR failed to serve tunnel connection error="accept stream listener encountered a failure while serving" connIndex=1 event=0 ip=2606:4700:a0::2
2026-07-26T09:38:16Z ERR Serve tunnel error error="accept stream listener encountered a failure while serving" connIndex=1 event=0 ip=2606:4700:a0::2
2026-07-26T09:38:16Z INF Retrying connection in up to 1s connIndex=1 event=0 ip=2606:4700:a0::2
2026-07-26T09:38:16Z ERR Connection terminated error="accept stream listener encountered a failure while serving" connIndex=2
2026-07-26T09:38:16Z INF Tunnel connection curve preferences: [X25519MLKEM768 CurveID(65074) CurveP256] connIndex=0 event=0 ip=2606:4700:a8::1
2026-07-26T09:38:17Z INF Registered tunnel connection connIndex=0 connection=b609b37f-1aa6-4a38-b1b4-65bb50ba28c6 event=0 ip=2606:4700:a8::1 location=ewr15 protocol=quic
2026-07-26T09:38:17Z WRN Connection terminated error="accept stream listener encountered a failure while serving" connIndex=1
2026-07-26T09:38:27Z INF Tunnel connection curve preferences: [X25519MLKEM768 CurveID(65074) CurveP256] connIndex=1 event=0 ip=2606:4700:a0::2
2026-07-26T09:38:27Z INF Tunnel connection curve preferences: [X25519MLKEM768 CurveID(65074) CurveP256] connIndex=3 event=0 ip=2606:4700:a8::9
2026-07-26T09:38:27Z INF Tunnel connection curve preferences: [X25519MLKEM768 CurveID(65074) CurveP256] connIndex=2 event=0 ip=2606:4700:a0::4
2026-07-26T09:38:27Z INF Registered tunnel connection connIndex=2 connection=3e0d0f26-705d-4e79-bb6a-3a70adf80bcd event=0 ip=2606:4700:a0::4 location=ewr05 protocol=quic
2026-07-26T09:38:27Z INF Registered tunnel connection connIndex=1 connection=3d79b409-a2cd-484d-ba56-83aae9eea372 event=0 ip=2606:4700:a0::2 location=ewr13 protocol=quic
2026-07-26T09:38:27Z INF Registered tunnel connection connIndex=3 connection=099fe9d6-d9fa-4577-9c45-86bfe42cde5e event=0 ip=2606:4700:a8::9 location=ewr14 protocol=quic
2026-07-26T10:26:28Z ERR failed to run the datagram handler error="timeout: no recent network activity" connIndex=0 event=0 ip=2606:4700:a8::1
2026-07-26T10:26:28Z ERR failed to accept incoming stream requests error="failed to accept QUIC stream: timeout: no recent network activity" connIndex=0 event=0 ip=2606:4700:a8::1
2026-07-26T10:26:28Z ERR failed to run the datagram handler error="timeout: no recent network activity" connIndex=2 event=0 ip=2606:4700:a0::4
2026-07-26T10:26:28Z ERR failed to run the datagram handler error="timeout: no recent network activity" connIndex=3 event=0 ip=2606:4700:a8::9
2026-07-26T10:26:28Z ERR failed to accept incoming stream requests error="failed to accept QUIC stream: timeout: no recent network activity" connIndex=2 event=0 ip=2606:4700:a0::4
2026-07-26T10:26:28Z ERR failed to accept incoming stream requests error="failed to accept QUIC stream: timeout: no recent network activity" connIndex=1 event=0 ip=2606:4700:a0::2
2026-07-26T10:26:28Z ERR failed to accept incoming stream requests error="failed to accept QUIC stream: timeout: no recent network activity" connIndex=3 event=0 ip=2606:4700:a8::9
2026-07-26T10:26:28Z ERR failed to run the datagram handler error="timeout: no recent network activity" connIndex=1 event=0 ip=2606:4700:a0::2
2026-07-26T10:26:30Z ERR failed to serve tunnel connection error="accept stream listener encountered a failure while serving" connIndex=3 event=0 ip=2606:4700:a8::9
2026-07-26T10:26:30Z ERR failed to serve tunnel connection error="accept stream listener encountered a failure while serving" connIndex=1 event=0 ip=2606:4700:a0::2
2026-07-26T10:26:30Z ERR failed to serve tunnel connection error="datagram manager encountered a failure while serving" connIndex=0 event=0 ip=2606:4700:a8::1
2026-07-26T10:26:30Z ERR failed to serve tunnel connection error="datagram manager encountered a failure while serving" connIndex=2 event=0 ip=2606:4700:a0::4
2026-07-26T10:26:30Z ERR Serve tunnel error error="accept stream listener encountered a failure while serving" connIndex=3 event=0 ip=2606:4700:a8::9
2026-07-26T10:26:30Z ERR Serve tunnel error error="datagram manager encountered a failure while serving" connIndex=0 event=0 ip=2606:4700:a8::1
2026-07-26T10:26:30Z ERR Serve tunnel error error="datagram manager encountered a failure while serving" connIndex=2 event=0 ip=2606:4700:a0::4
2026-07-26T10:26:30Z INF Retrying connection in up to 1s connIndex=0 event=0 ip=2606:4700:a8::1
2026-07-26T10:26:30Z INF Retrying connection in up to 1s connIndex=2 event=0 ip=2606:4700:a0::4
2026-07-26T10:26:30Z ERR Serve tunnel error error="accept stream listener encountered a failure while serving" connIndex=1 event=0 ip=2606:4700:a0::2
2026-07-26T10:26:30Z INF Retrying connection in up to 1s connIndex=1 event=0 ip=2606:4700:a0::2
2026-07-26T10:26:30Z INF Retrying connection in up to 1s connIndex=3 event=0 ip=2606:4700:a8::9
2026-07-26T10:26:30Z INF Tunnel connection curve preferences: [X25519MLKEM768 CurveID(65074) CurveP256] connIndex=0 event=0 ip=2606:4700:a8::1
2026-07-26T10:26:30Z ERR Connection terminated error="datagram manager encountered a failure while serving" connIndex=2
2026-07-26T10:26:31Z ERR Connection terminated error="accept stream listener encountered a failure while serving" connIndex=3
2026-07-26T10:26:32Z ERR Connection terminated error="accept stream listener encountered a failure while serving" connIndex=1
2026-07-26T10:26:32Z INF Registered tunnel connection connIndex=0 connection=4758dace-3cef-4cc4-8595-1dada8b9ff24 event=0 ip=2606:4700:a8::1 location=ewr15 protocol=quic
2026-07-26T10:26:40Z INF Tunnel connection curve preferences: [X25519MLKEM768 CurveID(65074) CurveP256] connIndex=2 event=0 ip=2606:4700:a0::4
2026-07-26T10:26:40Z INF Tunnel connection curve preferences: [X25519MLKEM768 CurveID(65074) CurveP256] connIndex=3 event=0 ip=2606:4700:a8::9
2026-07-26T10:26:40Z INF Tunnel connection curve preferences: [X25519MLKEM768 CurveID(65074) CurveP256] connIndex=1 event=0 ip=2606:4700:a0::2
2026-07-26T10:26:40Z INF Registered tunnel connection connIndex=1 connection=d6155f1b-49e8-4209-ad62-b77efd9efcee event=0 ip=2606:4700:a0::2 location=ewr13 protocol=quic
2026-07-26T10:26:40Z INF Registered tunnel connection connIndex=2 connection=6f919441-3410-4bb8-a219-8bbb5b98d634 event=0 ip=2606:4700:a0::4 location=ewr05 protocol=quic
2026-07-26T10:26:40Z INF Registered tunnel connection connIndex=3 connection=927e1ff0-2365-490e-a856-28d9d109d1d6 event=0 ip=2606:4700:a8::9 location=ewr14 protocol=quic
2026-07-26T10:39:47Z ERR failed to run the datagram handler error="timeout: no recent network activity" connIndex=2 event=0 ip=2606:4700:a0::4
2026-07-26T10:39:47Z ERR failed to run the datagram handler error="timeout: no recent network activity" connIndex=0 event=0 ip=2606:4700:a8::1
2026-07-26T10:39:47Z ERR failed to accept incoming stream requests error="failed to accept QUIC stream: timeout: no recent network activity" connIndex=2 event=0 ip=2606:4700:a0::4
2026-07-26T10:39:47Z ERR failed to accept incoming stream requests error="failed to accept QUIC stream: timeout: no recent network activity" connIndex=0 event=0 ip=2606:4700:a8::1
2026-07-26T10:39:47Z ERR failed to run the datagram handler error="timeout: no recent network activity" connIndex=3 event=0 ip=2606:4700:a8::9
2026-07-26T10:39:47Z ERR failed to accept incoming stream requests error="failed to accept QUIC stream: timeout: no recent network activity" connIndex=1 event=0 ip=2606:4700:a0::2
2026-07-26T10:39:47Z ERR failed to run the datagram handler error="timeout: no recent network activity" connIndex=1 event=0 ip=2606:4700:a0::2
2026-07-26T10:39:47Z ERR failed to accept incoming stream requests error="failed to accept QUIC stream: timeout: no recent network activity" connIndex=3 event=0 ip=2606:4700:a8::9
2026-07-26T10:39:47Z ERR failed to serve tunnel connection error="datagram manager encountered a failure while serving" connIndex=0 event=0 ip=2606:4700:a8::1
2026-07-26T10:39:47Z ERR failed to serve tunnel connection error="datagram manager encountered a failure while serving" connIndex=3 event=0 ip=2606:4700:a8::9
2026-07-26T10:39:47Z ERR Serve tunnel error error="datagram manager encountered a failure while serving" connIndex=0 event=0 ip=2606:4700:a8::1
2026-07-26T10:39:47Z ERR Serve tunnel error error="datagram manager encountered a failure while serving" connIndex=3 event=0 ip=2606:4700:a8::9
2026-07-26T10:39:47Z INF Retrying connection in up to 1s connIndex=3 event=0 ip=2606:4700:a8::9
2026-07-26T10:39:47Z ERR failed to serve tunnel connection error="datagram manager encountered a failure while serving" connIndex=2 event=0 ip=2606:4700:a0::4
2026-07-26T10:39:47Z ERR Serve tunnel error error="datagram manager encountered a failure while serving" connIndex=2 event=0 ip=2606:4700:a0::4
2026-07-26T10:39:47Z INF Retrying connection in up to 1s connIndex=2 event=0 ip=2606:4700:a0::4
2026-07-26T10:39:47Z INF Retrying connection in up to 1s connIndex=0 event=0 ip=2606:4700:a8::1
2026-07-26T10:39:47Z ERR failed to serve tunnel connection error="accept stream listener encountered a failure while serving" connIndex=1 event=0 ip=2606:4700:a0::2
2026-07-26T10:39:47Z ERR Serve tunnel error error="accept stream listener encountered a failure while serving" connIndex=1 event=0 ip=2606:4700:a0::2
2026-07-26T10:39:47Z INF Retrying connection in up to 1s connIndex=1 event=0 ip=2606:4700:a0::2
2026-07-26T10:39:48Z ERR Connection terminated error="accept stream listener encountered a failure while serving" connIndex=1
2026-07-26T10:39:48Z ERR Connection terminated error="datagram manager encountered a failure while serving" connIndex=3
2026-07-26T10:39:48Z ERR Connection terminated error="datagram manager encountered a failure while serving" connIndex=2
2026-07-26T10:39:48Z INF Tunnel connection curve preferences: [X25519MLKEM768 CurveID(65074) CurveP256] connIndex=0 event=0 ip=2606:4700:a8::1
2026-07-26T10:39:51Z INF Registered tunnel connection connIndex=0 connection=24931da1-79dd-4cc5-a7b3-50f840c9b561 event=0 ip=2606:4700:a8::1 location=ewr15 protocol=quic
2026-07-26T10:39:53Z INF Tunnel connection curve preferences: [X25519MLKEM768 CurveID(65074) CurveP256] connIndex=1 event=0 ip=2606:4700:a0::2
2026-07-26T10:39:53Z INF Tunnel connection curve preferences: [X25519MLKEM768 CurveID(65074) CurveP256] connIndex=3 event=0 ip=2606:4700:a8::9
2026-07-26T10:39:53Z INF Tunnel connection curve preferences: [X25519MLKEM768 CurveID(65074) CurveP256] connIndex=2 event=0 ip=2606:4700:a0::4
2026-07-26T10:39:54Z INF Registered tunnel connection connIndex=1 connection=4a124e2c-e794-491d-8a02-913eb098ff07 event=0 ip=2606:4700:a0::2 location=ewr13 protocol=quic
2026-07-26T10:39:54Z INF Registered tunnel connection connIndex=3 connection=e2fc31e2-aac9-4398-9473-3273dac156dd event=0 ip=2606:4700:a8::9 location=ewr14 protocol=quic
2026-07-26T10:39:54Z INF Registered tunnel connection connIndex=2 connection=3b3d8372-b150-47c9-b3b6-12a71ddeea74 event=0 ip=2606:4700:a0::4 location=ewr05 protocol=quic
2026-07-26T10:50:24Z ERR failed to run the datagram handler error="timeout: no recent network activity" connIndex=1 event=0 ip=2606:4700:a0::2
2026-07-26T10:50:24Z ERR failed to accept incoming stream requests error="failed to accept QUIC stream: timeout: no recent network activity" connIndex=1 event=0 ip=2606:4700:a0::2
2026-07-26T10:50:24Z ERR failed to accept incoming stream requests error="failed to accept QUIC stream: timeout: no recent network activity" connIndex=0 event=0 ip=2606:4700:a8::1
2026-07-26T10:50:24Z ERR failed to accept incoming stream requests error="failed to accept QUIC stream: timeout: no recent network activity" connIndex=2 event=0 ip=2606:4700:a0::4
2026-07-26T10:50:24Z ERR failed to run the datagram handler error="timeout: no recent network activity" connIndex=0 event=0 ip=2606:4700:a8::1
2026-07-26T10:50:24Z ERR failed to accept incoming stream requests error="failed to accept QUIC stream: timeout: no recent network activity" connIndex=3 event=0 ip=2606:4700:a8::9
2026-07-26T10:50:24Z ERR failed to run the datagram handler error="timeout: no recent network activity" connIndex=3 event=0 ip=2606:4700:a8::9
2026-07-26T10:50:24Z ERR failed to run the datagram handler error="timeout: no recent network activity" connIndex=2 event=0 ip=2606:4700:a0::4
2026-07-26T10:50:24Z ERR failed to serve tunnel connection error="accept stream listener encountered a failure while serving" connIndex=3 event=0 ip=2606:4700:a8::9
2026-07-26T10:50:24Z ERR failed to serve tunnel connection error="accept stream listener encountered a failure while serving" connIndex=0 event=0 ip=2606:4700:a8::1
2026-07-26T10:50:24Z ERR failed to serve tunnel connection error="accept stream listener encountered a failure while serving" connIndex=1 event=0 ip=2606:4700:a0::2
2026-07-26T10:50:24Z ERR Serve tunnel error error="accept stream listener encountered a failure while serving" connIndex=1 event=0 ip=2606:4700:a0::2
2026-07-26T10:50:24Z INF Retrying connection in up to 1s connIndex=1 event=0 ip=2606:4700:a0::2
2026-07-26T10:50:24Z ERR Serve tunnel error error="accept stream listener encountered a failure while serving" connIndex=3 event=0 ip=2606:4700:a8::9
2026-07-26T10:50:24Z INF Retrying connection in up to 1s connIndex=3 event=0 ip=2606:4700:a8::9
2026-07-26T10:50:24Z ERR Serve tunnel error error="accept stream listener encountered a failure while serving" connIndex=0 event=0 ip=2606:4700:a8::1
2026-07-26T10:50:24Z INF Retrying connection in up to 1s connIndex=0 event=0 ip=2606:4700:a8::1
2026-07-26T10:50:24Z ERR failed to serve tunnel connection error="accept stream listener encountered a failure while serving" connIndex=2 event=0 ip=2606:4700:a0::4
2026-07-26T10:50:24Z ERR Serve tunnel error error="accept stream listener encountered a failure while serving" connIndex=2 event=0 ip=2606:4700:a0::4
2026-07-26T10:50:24Z INF Retrying connection in up to 1s connIndex=2 event=0 ip=2606:4700:a0::4
2026-07-26T10:50:25Z ERR Connection terminated error="accept stream listener encountered a failure while serving" connIndex=1
2026-07-26T10:50:26Z INF Tunnel connection curve preferences: [X25519MLKEM768 CurveID(65074) CurveP256] connIndex=0 event=0 ip=2606:4700:a8::1
2026-07-26T10:50:26Z ERR Connection terminated error="accept stream listener encountered a failure while serving" connIndex=3
2026-07-26T10:50:26Z ERR Connection terminated error="accept stream listener encountered a failure while serving" connIndex=2
2026-07-26T10:50:26Z INF Registered tunnel connection connIndex=0 connection=b5ae5da4-df1c-4b74-b95f-29122be7d64e event=0 ip=2606:4700:a8::1 location=ewr15 protocol=quic
2026-07-26T11:07:29Z ERR failed to accept incoming stream requests error="failed to accept QUIC stream: timeout: no recent network activity" connIndex=0 event=0 ip=2606:4700:a8::1
2026-07-26T11:07:29Z ERR failed to run the datagram handler error="timeout: no recent network activity" connIndex=0 event=0 ip=2606:4700:a8::1
2026-07-26T11:07:29Z ERR failed to serve tunnel connection error="accept stream listener encountered a failure while serving" connIndex=0 event=0 ip=2606:4700:a8::1
2026-07-26T11:07:29Z ERR Serve tunnel error error="accept stream listener encountered a failure while serving" connIndex=0 event=0 ip=2606:4700:a8::1
2026-07-26T11:07:29Z INF Retrying connection in up to 1s connIndex=0 event=0 ip=2606:4700:a8::1
2026-07-26T11:07:38Z INF Tunnel connection curve preferences: [X25519MLKEM768 CurveID(65074) CurveP256] connIndex=0 event=0 ip=2606:4700:a8::1
2026-07-26T11:07:39Z INF Registered tunnel connection connIndex=0 connection=72b5f56a-ded3-4cc7-a134-9d2a8001965e event=0 ip=2606:4700:a8::1 location=ewr15 protocol=quic
2026-07-26T11:07:45Z INF Tunnel connection curve preferences: [X25519MLKEM768 CurveID(65074) CurveP256] connIndex=3 event=0 ip=2606:4700:a8::9
2026-07-26T11:07:45Z INF Tunnel connection curve preferences: [X25519MLKEM768 CurveID(65074) CurveP256] connIndex=1 event=0 ip=2606:4700:a0::2
2026-07-26T11:07:45Z INF Tunnel connection curve preferences: [X25519MLKEM768 CurveID(65074) CurveP256] connIndex=2 event=0 ip=2606:4700:a0::4
2026-07-26T11:07:45Z INF Registered tunnel connection connIndex=2 connection=2d80a338-0cbf-4854-9bc0-65a7c2df3d4f event=0 ip=2606:4700:a0::4 location=ewr05 protocol=quic
2026-07-26T11:07:45Z INF Registered tunnel connection connIndex=3 connection=ffad0089-0d77-4531-9909-e1393c24decb event=0 ip=2606:4700:a8::9 location=ewr14 protocol=quic
2026-07-26T11:07:45Z INF Registered tunnel connection connIndex=1 connection=b944e9ed-5317-4e72-b523-1e02f2af57ed event=0 ip=2606:4700:a0::2 location=ewr13 protocol=quic
2026-07-26T11:08:36Z ERR failed to run the datagram handler error="timeout: no recent network activity" connIndex=2 event=0 ip=2606:4700:a0::4
2026-07-26T11:08:36Z ERR failed to run the datagram handler error="timeout: no recent network activity" connIndex=3 event=0 ip=2606:4700:a8::9
2026-07-26T11:08:36Z ERR failed to run the datagram handler error="timeout: no recent network activity" connIndex=1 event=0 ip=2606:4700:a0::2
2026-07-26T11:08:36Z ERR failed to accept incoming stream requests error="failed to accept QUIC stream: timeout: no recent network activity" connIndex=3 event=0 ip=2606:4700:a8::9
2026-07-26T11:08:36Z ERR failed to accept incoming stream requests error="failed to accept QUIC stream: timeout: no recent network activity" connIndex=2 event=0 ip=2606:4700:a0::4
2026-07-26T11:08:36Z ERR failed to accept incoming stream requests error="failed to accept QUIC stream: timeout: no recent network activity" connIndex=1 event=0 ip=2606:4700:a0::2
2026-07-26T11:08:36Z WRN failed to serve tunnel connection error="datagram manager encountered a failure while serving" connIndex=3 event=0 ip=2606:4700:a8::9
2026-07-26T11:08:36Z WRN failed to serve tunnel connection error="datagram manager encountered a failure while serving" connIndex=1 event=0 ip=2606:4700:a0::2
2026-07-26T11:08:36Z WRN Serve tunnel error error="datagram manager encountered a failure while serving" connIndex=3 event=0 ip=2606:4700:a8::9
2026-07-26T11:08:36Z WRN Serve tunnel error error="datagram manager encountered a failure while serving" connIndex=1 event=0 ip=2606:4700:a0::2
2026-07-26T11:08:36Z INF Retrying connection in up to 1s connIndex=1 event=0 ip=2606:4700:a0::2
2026-07-26T11:08:36Z INF Retrying connection in up to 1s connIndex=3 event=0 ip=2606:4700:a8::9
2026-07-26T11:08:36Z WRN failed to serve tunnel connection error="datagram manager encountered a failure while serving" connIndex=2 event=0 ip=2606:4700:a0::4
2026-07-26T11:08:36Z WRN Serve tunnel error error="datagram manager encountered a failure while serving" connIndex=2 event=0 ip=2606:4700:a0::4
2026-07-26T11:08:36Z INF Retrying connection in up to 1s connIndex=2 event=0 ip=2606:4700:a0::4
2026-07-26T11:08:36Z ERR failed to run the datagram handler error="timeout: no recent network activity" connIndex=0 event=0 ip=2606:4700:a8::1
2026-07-26T11:08:36Z ERR failed to accept incoming stream requests error="failed to accept QUIC stream: timeout: no recent network activity" connIndex=0 event=0 ip=2606:4700:a8::1
2026-07-26T11:08:36Z ERR failed to serve tunnel connection error="datagram manager encountered a failure while serving" connIndex=0 event=0 ip=2606:4700:a8::1
2026-07-26T11:08:36Z ERR Serve tunnel error error="datagram manager encountered a failure while serving" connIndex=0 event=0 ip=2606:4700:a8::1
2026-07-26T11:08:36Z INF Retrying connection in up to 1s connIndex=0 event=0 ip=2606:4700:a8::1
2026-07-26T11:08:37Z INF Tunnel connection curve preferences: [X25519MLKEM768 CurveID(65074) CurveP256] connIndex=0 event=0 ip=2606:4700:a8::1
2026-07-26T11:08:37Z ERR Connection terminated error="datagram manager encountered a failure while serving" connIndex=1
2026-07-26T11:08:38Z ERR Connection terminated error="datagram manager encountered a failure while serving" connIndex=3
2026-07-26T11:08:38Z INF Registered tunnel connection connIndex=0 connection=616062eb-72e0-4f5f-bf86-b93ff1c6e0b0 event=0 ip=2606:4700:a8::1 location=ewr15 protocol=quic
2026-07-26T11:08:38Z WRN Connection terminated error="datagram manager encountered a failure while serving" connIndex=2
2026-07-26T11:09:30Z ERR failed to accept incoming stream requests error="failed to accept QUIC stream: timeout: no recent network activity" connIndex=0 event=0 ip=2606:4700:a8::1
2026-07-26T11:09:30Z ERR failed to run the datagram handler error="timeout: no recent network activity" connIndex=0 event=0 ip=2606:4700:a8::1
2026-07-26T11:09:30Z ERR failed to serve tunnel connection error="accept stream listener encountered a failure while serving" connIndex=0 event=0 ip=2606:4700:a8::1
2026-07-26T11:09:30Z ERR Serve tunnel error error="accept stream listener encountered a failure while serving" connIndex=0 event=0 ip=2606:4700:a8::1
2026-07-26T11:09:30Z INF Retrying connection in up to 1s connIndex=0 event=0 ip=2606:4700:a8::1
2026-07-26T11:09:31Z INF Tunnel connection curve preferences: [X25519MLKEM768 CurveID(65074) CurveP256] connIndex=0 event=0 ip=2606:4700:a8::1
2026-07-26T11:09:32Z INF Registered tunnel connection connIndex=0 connection=8c591338-a328-475d-b0ed-ab3401ead8dc event=0 ip=2606:4700:a8::1 location=ewr15 protocol=quic
2026-07-26T11:09:33Z INF Tunnel connection curve preferences: [X25519MLKEM768 CurveID(65074) CurveP256] connIndex=3 event=0 ip=2606:4700:a8::9
2026-07-26T11:09:33Z INF Tunnel connection curve preferences: [X25519MLKEM768 CurveID(65074) CurveP256] connIndex=1 event=0 ip=2606:4700:a0::2
2026-07-26T11:09:33Z INF Tunnel connection curve preferences: [X25519MLKEM768 CurveID(65074) CurveP256] connIndex=2 event=0 ip=2606:4700:a0::4
2026-07-26T11:09:33Z INF Registered tunnel connection connIndex=3 connection=dc230185-60e0-4575-97ae-c5e99964577f event=0 ip=2606:4700:a8::9 location=ewr14 protocol=quic
2026-07-26T11:09:33Z INF Registered tunnel connection connIndex=1 connection=92e0a90f-6748-4ced-a41b-ed0d58949657 event=0 ip=2606:4700:a0::2 location=ewr13 protocol=quic
2026-07-26T11:09:33Z INF Registered tunnel connection connIndex=2 connection=2e7ec17f-c98e-4d6e-99b9-f79c4308a890 event=0 ip=2606:4700:a0::4 location=ewr05 protocol=quic
2026-07-26T11:10:25Z ERR failed to accept incoming stream requests error="failed to accept QUIC stream: timeout: no recent network activity" connIndex=3 event=0 ip=2606:4700:a8::9
2026-07-26T11:10:25Z ERR failed to accept incoming stream requests error="failed to accept QUIC stream: timeout: no recent network activity" connIndex=1 event=0 ip=2606:4700:a0::2
2026-07-26T11:10:25Z ERR failed to run the datagram handler error="timeout: no recent network activity" connIndex=3 event=0 ip=2606:4700:a8::9
2026-07-26T11:10:25Z ERR failed to run the datagram handler error="timeout: no recent network activity" connIndex=1 event=0 ip=2606:4700:a0::2
2026-07-26T11:10:25Z ERR failed to accept incoming stream requests error="failed to accept QUIC stream: timeout: no recent network activity" connIndex=0 event=0 ip=2606:4700:a8::1
2026-07-26T11:10:25Z ERR failed to accept incoming stream requests error="failed to accept QUIC stream: timeout: no recent network activity" connIndex=2 event=0 ip=2606:4700:a0::4
2026-07-26T11:10:25Z ERR failed to run the datagram handler error="timeout: no recent network activity" connIndex=2 event=0 ip=2606:4700:a0::4
2026-07-26T11:10:25Z ERR failed to run the datagram handler error="timeout: no recent network activity" connIndex=0 event=0 ip=2606:4700:a8::1
2026-07-26T11:10:25Z ERR failed to serve tunnel connection error="accept stream listener encountered a failure while serving" connIndex=2 event=0 ip=2606:4700:a0::4
2026-07-26T11:10:25Z ERR failed to serve tunnel connection error="accept stream listener encountered a failure while serving" connIndex=1 event=0 ip=2606:4700:a0::2
2026-07-26T11:10:25Z ERR Serve tunnel error error="accept stream listener encountered a failure while serving" connIndex=2 event=0 ip=2606:4700:a0::4
2026-07-26T11:10:25Z INF Retrying connection in up to 1s connIndex=2 event=0 ip=2606:4700:a0::4
2026-07-26T11:10:25Z ERR Serve tunnel error error="accept stream listener encountered a failure while serving" connIndex=1 event=0 ip=2606:4700:a0::2
2026-07-26T11:10:25Z INF Retrying connection in up to 1s connIndex=1 event=0 ip=2606:4700:a0::2
2026-07-26T11:10:25Z ERR failed to serve tunnel connection error="accept stream listener encountered a failure while serving" connIndex=0 event=0 ip=2606:4700:a8::1
2026-07-26T11:10:25Z ERR failed to serve tunnel connection error="accept stream listener encountered a failure while serving" connIndex=3 event=0 ip=2606:4700:a8::9
2026-07-26T11:10:25Z ERR Serve tunnel error error="accept stream listener encountered a failure while serving" connIndex=0 event=0 ip=2606:4700:a8::1
2026-07-26T11:10:25Z ERR Serve tunnel error error="accept stream listener encountered a failure while serving" connIndex=3 event=0 ip=2606:4700:a8::9
2026-07-26T11:10:25Z INF Retrying connection in up to 1s connIndex=3 event=0 ip=2606:4700:a8::9
2026-07-26T11:10:25Z INF Retrying connection in up to 1s connIndex=0 event=0 ip=2606:4700:a8::1
2026-07-26T11:10:25Z ERR Connection terminated error="accept stream listener encountered a failure while serving" connIndex=2
2026-07-26T11:10:25Z INF Tunnel connection curve preferences: [X25519MLKEM768 CurveID(65074) CurveP256] connIndex=0 event=0 ip=2606:4700:a8::1
2026-07-26T11:10:25Z INF Registered tunnel connection connIndex=0 connection=e5e4bcc0-58bb-4b03-ba4d-1ee5d8c290cd event=0 ip=2606:4700:a8::1 location=ewr15 protocol=quic
2026-07-26T11:10:26Z WRN Connection terminated error="accept stream listener encountered a failure while serving" connIndex=1
2026-07-26T11:10:26Z WRN Connection terminated error="accept stream listener encountered a failure while serving" connIndex=3
2026-07-26T11:11:19Z ERR failed to accept incoming stream requests error="failed to accept QUIC stream: timeout: no recent network activity" connIndex=0 event=0 ip=2606:4700:a8::1
2026-07-26T11:11:19Z ERR failed to run the datagram handler error="timeout: no recent network activity" connIndex=0 event=0 ip=2606:4700:a8::1
2026-07-26T11:11:19Z ERR failed to serve tunnel connection error="accept stream listener encountered a failure while serving" connIndex=0 event=0 ip=2606:4700:a8::1
2026-07-26T11:11:19Z ERR Serve tunnel error error="accept stream listener encountered a failure while serving" connIndex=0 event=0 ip=2606:4700:a8::1
2026-07-26T11:11:19Z INF Retrying connection in up to 1s connIndex=0 event=0 ip=2606:4700:a8::1
2026-07-26T11:11:21Z INF Tunnel connection curve preferences: [X25519MLKEM768 CurveID(65074) CurveP256] connIndex=0 event=0 ip=2606:4700:a8::1
2026-07-26T11:11:21Z INF Registered tunnel connection connIndex=0 connection=a2ec887d-18b1-42cd-ade9-0f0077bbd534 event=0 ip=2606:4700:a8::1 location=ewr15 protocol=quic
2026-07-26T11:12:10Z INF Tunnel connection curve preferences: [X25519MLKEM768 CurveID(65074) CurveP256] connIndex=3 event=0 ip=2606:4700:a8::9
2026-07-26T11:12:10Z INF Tunnel connection curve preferences: [X25519MLKEM768 CurveID(65074) CurveP256] connIndex=2 event=0 ip=2606:4700:a0::4
2026-07-26T11:12:10Z INF Tunnel connection curve preferences: [X25519MLKEM768 CurveID(65074) CurveP256] connIndex=1 event=0 ip=2606:4700:a0::2
2026-07-26T11:12:10Z INF Registered tunnel connection connIndex=2 connection=bb28ed29-4a99-4ac5-9e3c-3ad227cd4446 event=0 ip=2606:4700:a0::4 location=ewr05 protocol=quic
2026-07-26T11:12:10Z INF Registered tunnel connection connIndex=3 connection=2647bf14-2c8e-4b19-9529-69fdaa124683 event=0 ip=2606:4700:a8::9 location=ewr14 protocol=quic
2026-07-26T11:12:10Z INF Registered tunnel connection connIndex=1 connection=25b0f1be-d13d-4c4e-95e0-d5b4de49657a event=0 ip=2606:4700:a0::2 location=ewr13 protocol=quic
2026-07-26T11:12:59Z ERR failed to accept incoming stream requests error="failed to accept QUIC stream: timeout: no recent network activity" connIndex=3 event=0 ip=2606:4700:a8::9
2026-07-26T11:12:59Z ERR failed to run the datagram handler error="timeout: no recent network activity" connIndex=3 event=0 ip=2606:4700:a8::9
2026-07-26T11:12:59Z WRN failed to serve tunnel connection error="accept stream listener encountered a failure while serving" connIndex=3 event=0 ip=2606:4700:a8::9
2026-07-26T11:12:59Z WRN Serve tunnel error error="accept stream listener encountered a failure while serving" connIndex=3 event=0 ip=2606:4700:a8::9
2026-07-26T11:12:59Z INF Retrying connection in up to 1s connIndex=3 event=0 ip=2606:4700:a8::9
2026-07-26T11:12:59Z ERR failed to accept incoming stream requests error="failed to accept QUIC stream: timeout: no recent network activity" connIndex=1 event=0 ip=2606:4700:a0::2
2026-07-26T11:12:59Z ERR failed to run the datagram handler error="timeout: no recent network activity" connIndex=1 event=0 ip=2606:4700:a0::2
2026-07-26T11:12:59Z WRN failed to serve tunnel connection error="accept stream listener encountered a failure while serving" connIndex=1 event=0 ip=2606:4700:a0::2
2026-07-26T11:12:59Z WRN Serve tunnel error error="accept stream listener encountered a failure while serving" connIndex=1 event=0 ip=2606:4700:a0::2
2026-07-26T11:12:59Z INF Retrying connection in up to 1s connIndex=1 event=0 ip=2606:4700:a0::2
2026-07-26T11:12:59Z WRN Connection terminated error="accept stream listener encountered a failure while serving" connIndex=3
2026-07-26T11:12:59Z WRN Connection terminated error="accept stream listener encountered a failure while serving" connIndex=1
2026-07-26T11:29:17Z ERR failed to accept incoming stream requests error="failed to accept QUIC stream: timeout: no recent network activity" connIndex=2 event=0 ip=2606:4700:a0::4
2026-07-26T11:29:17Z ERR failed to run the datagram handler error="timeout: no recent network activity" connIndex=2 event=0 ip=2606:4700:a0::4
2026-07-26T11:29:17Z WRN failed to serve tunnel connection error="accept stream listener encountered a failure while serving" connIndex=2 event=0 ip=2606:4700:a0::4
2026-07-26T11:29:17Z WRN Serve tunnel error error="accept stream listener encountered a failure while serving" connIndex=2 event=0 ip=2606:4700:a0::4
2026-07-26T11:29:17Z INF Retrying connection in up to 1s connIndex=2 event=0 ip=2606:4700:a0::4
2026-07-26T11:29:17Z ERR failed to run the datagram handler error="timeout: no recent network activity" connIndex=0 event=0 ip=2606:4700:a8::1
2026-07-26T11:29:17Z ERR failed to accept incoming stream requests error="failed to accept QUIC stream: timeout: no recent network activity" connIndex=0 event=0 ip=2606:4700:a8::1
2026-07-26T11:29:17Z ERR failed to serve tunnel connection error="datagram manager encountered a failure while serving" connIndex=0 event=0 ip=2606:4700:a8::1
2026-07-26T11:29:17Z ERR Serve tunnel error error="datagram manager encountered a failure while serving" connIndex=0 event=0 ip=2606:4700:a8::1
2026-07-26T11:29:17Z INF Retrying connection in up to 1s connIndex=0 event=0 ip=2606:4700:a8::1
2026-07-26T11:44:24Z INF Tunnel connection curve preferences: [X25519MLKEM768 CurveID(65074) CurveP256] connIndex=0 event=0 ip=2606:4700:a8::1
2026-07-26T11:44:24Z ERR Connection terminated error="accept stream listener encountered a failure while serving" connIndex=2
2026-07-26T11:44:25Z INF Registered tunnel connection connIndex=0 connection=09b819e9-e98a-41d2-a796-af0309d304b1 event=0 ip=2606:4700:a8::1 location=ewr15 protocol=quic
2026-07-26T11:58:06Z ERR failed to run the datagram handler error="timeout: no recent network activity" connIndex=0 event=0 ip=2606:4700:a8::1
2026-07-26T11:58:06Z ERR failed to accept incoming stream requests error="failed to accept QUIC stream: timeout: no recent network activity" connIndex=0 event=0 ip=2606:4700:a8::1
2026-07-26T11:58:06Z ERR failed to serve tunnel connection error="datagram manager encountered a failure while serving" connIndex=0 event=0 ip=2606:4700:a8::1
2026-07-26T11:58:06Z ERR Serve tunnel error error="datagram manager encountered a failure while serving" connIndex=0 event=0 ip=2606:4700:a8::1
2026-07-26T11:58:06Z INF Retrying connection in up to 1s connIndex=0 event=0 ip=2606:4700:a8::1
2026-07-26T11:58:08Z INF Tunnel connection curve preferences: [X25519MLKEM768 CurveID(65074) CurveP256] connIndex=0 event=0 ip=2606:4700:a8::1
2026-07-26T11:58:08Z INF Registered tunnel connection connIndex=0 connection=f3e48474-ef3a-49d8-909e-f2101bf87530 event=0 ip=2606:4700:a8::1 location=ewr15 protocol=quic
2026-07-26T12:25:50Z ERR failed to run the datagram handler error="timeout: no recent network activity" connIndex=0 event=0 ip=2606:4700:a8::1
2026-07-26T12:25:50Z ERR failed to accept incoming stream requests error="failed to accept QUIC stream: timeout: no recent network activity" connIndex=0 event=0 ip=2606:4700:a8::1
2026-07-26T12:25:51Z ERR failed to serve tunnel connection error="datagram manager encountered a failure while serving" connIndex=0 event=0 ip=2606:4700:a8::1
2026-07-26T12:25:51Z ERR Serve tunnel error error="datagram manager encountered a failure while serving" connIndex=0 event=0 ip=2606:4700:a8::1
2026-07-26T12:25:51Z INF Retrying connection in up to 1s connIndex=0 event=0 ip=2606:4700:a8::1
2026-07-26T12:25:51Z INF Tunnel connection curve preferences: [X25519MLKEM768 CurveID(65074) CurveP256] connIndex=0 event=0 ip=2606:4700:a8::1
2026-07-26T12:25:54Z INF Registered tunnel connection connIndex=0 connection=ac227968-a264-4628-870d-7600a17e293b event=0 ip=2606:4700:a8::1 location=ewr15 protocol=quic
2026-07-26T12:28:20Z INF Tunnel connection curve preferences: [X25519MLKEM768 CurveID(65074) CurveP256] connIndex=2 event=0 ip=2606:4700:a0::4
2026-07-26T12:28:20Z INF Tunnel connection curve preferences: [X25519MLKEM768 CurveID(65074) CurveP256] connIndex=3 event=0 ip=2606:4700:a8::9
2026-07-26T12:28:20Z INF Tunnel connection curve preferences: [X25519MLKEM768 CurveID(65074) CurveP256] connIndex=1 event=0 ip=2606:4700:a0::2
2026-07-26T12:28:23Z INF Registered tunnel connection connIndex=3 connection=0eda7cec-392d-4838-943b-e3206c1626be event=0 ip=2606:4700:a8::9 location=ewr14 protocol=quic
2026-07-26T12:28:23Z INF Registered tunnel connection connIndex=2 connection=742bb406-3ea0-48de-b30e-2104fe4c8d56 event=0 ip=2606:4700:a0::4 location=ewr05 protocol=quic
2026-07-26T12:28:23Z INF Registered tunnel connection connIndex=1 connection=ef22d4a2-55b2-4a12-91b5-4efc0a18552c event=0 ip=2606:4700:a0::2 location=ewr13 protocol=quic
2026-07-26T12:29:06Z ERR failed to accept incoming stream requests error="failed to accept QUIC stream: write udp6 [::]:55165->[2606:4700:a8::1]:7844: sendmsg: no route to host" connIndex=0 event=0 ip=2606:4700:a8::1
2026-07-26T12:29:06Z ERR failed to run the datagram handler error="write udp6 [::]:63530->[2606:4700:a0::2]:7844: sendmsg: no route to host" connIndex=1 event=0 ip=2606:4700:a0::2
2026-07-26T12:29:06Z ERR failed to run the datagram handler error="write udp6 [::]:57503->[2606:4700:a0::4]:7844: sendmsg: no route to host" connIndex=2 event=0 ip=2606:4700:a0::4
2026-07-26T12:29:06Z ERR failed to run the datagram handler error="write udp6 [::]:50662->[2606:4700:a8::9]:7844: sendmsg: no route to host" connIndex=3 event=0 ip=2606:4700:a8::9
2026-07-26T12:29:06Z ERR failed to accept incoming stream requests error="failed to accept QUIC stream: write udp6 [::]:57503->[2606:4700:a0::4]:7844: sendmsg: no route to host" connIndex=2 event=0 ip=2606:4700:a0::4
2026-07-26T12:29:06Z ERR failed to accept incoming stream requests error="failed to accept QUIC stream: write udp6 [::]:50662->[2606:4700:a8::9]:7844: sendmsg: no route to host" connIndex=3 event=0 ip=2606:4700:a8::9
2026-07-26T12:29:06Z ERR failed to run the datagram handler error="write udp6 [::]:55165->[2606:4700:a8::1]:7844: sendmsg: no route to host" connIndex=0 event=0 ip=2606:4700:a8::1
2026-07-26T12:29:06Z ERR failed to accept incoming stream requests error="failed to accept QUIC stream: write udp6 [::]:63530->[2606:4700:a0::2]:7844: sendmsg: no route to host" connIndex=1 event=0 ip=2606:4700:a0::2
2026-07-26T12:29:06Z ERR failed to serve tunnel connection error="accept stream listener encountered a failure while serving" connIndex=0 event=0 ip=2606:4700:a8::1
2026-07-26T12:29:06Z ERR Serve tunnel error error="accept stream listener encountered a failure while serving" connIndex=0 event=0 ip=2606:4700:a8::1
2026-07-26T12:29:06Z INF Retrying connection in up to 1s connIndex=0 event=0 ip=2606:4700:a8::1
2026-07-26T12:29:06Z ERR failed to serve tunnel connection error="datagram manager encountered a failure while serving" connIndex=1 event=0 ip=2606:4700:a0::2
2026-07-26T12:29:06Z ERR failed to serve tunnel connection error="datagram manager encountered a failure while serving" connIndex=3 event=0 ip=2606:4700:a8::9
2026-07-26T12:29:06Z ERR Serve tunnel error error="datagram manager encountered a failure while serving" connIndex=1 event=0 ip=2606:4700:a0::2
2026-07-26T12:29:06Z ERR Serve tunnel error error="datagram manager encountered a failure while serving" connIndex=3 event=0 ip=2606:4700:a8::9
2026-07-26T12:29:06Z INF Retrying connection in up to 1s connIndex=1 event=0 ip=2606:4700:a0::2
2026-07-26T12:29:06Z INF Retrying connection in up to 1s connIndex=3 event=0 ip=2606:4700:a8::9
2026-07-26T12:29:06Z ERR failed to serve tunnel connection error="datagram manager encountered a failure while serving" connIndex=2 event=0 ip=2606:4700:a0::4
2026-07-26T12:29:06Z ERR Serve tunnel error error="datagram manager encountered a failure while serving" connIndex=2 event=0 ip=2606:4700:a0::4
2026-07-26T12:29:06Z INF Retrying connection in up to 1s connIndex=2 event=0 ip=2606:4700:a0::4
2026-07-26T12:29:06Z INF Tunnel connection curve preferences: [X25519MLKEM768 CurveID(65074) CurveP256] connIndex=0 event=0 ip=2606:4700:a8::1
2026-07-26T12:29:06Z ERR Failed to dial a quic connection error="failed to dial to edge with quic: write udp6 [::]:55165->[2606:4700:a8::1]:7844: sendmsg: no route to host" connIndex=0 event=0 ip=2606:4700:a8::1
2026-07-26T12:29:06Z INF Retrying connection in up to 4s connIndex=0 event=0 ip=2606:4700:a8::1
2026-07-26T12:29:07Z ERR Connection terminated error="datagram manager encountered a failure while serving" connIndex=1
2026-07-26T12:29:07Z ERR Connection terminated error="datagram manager encountered a failure while serving" connIndex=2
2026-07-26T12:29:08Z ERR Connection terminated error="datagram manager encountered a failure while serving" connIndex=3
2026-07-26T12:29:10Z INF Tunnel connection curve preferences: [X25519MLKEM768 CurveID(65074) CurveP256] connIndex=0 event=0 ip=198.41.200.193
2026-07-26T12:29:11Z INF Registered tunnel connection connIndex=0 connection=eaabbae9-4d66-4681-a7eb-10159f672a2e event=0 ip=198.41.200.193 location=ewr14 protocol=quic
2026-07-26T12:45:37Z ERR failed to run the datagram handler error="timeout: no recent network activity" connIndex=0 event=0 ip=198.41.200.193
2026-07-26T12:45:37Z ERR failed to accept incoming stream requests error="failed to accept QUIC stream: timeout: no recent network activity" connIndex=0 event=0 ip=198.41.200.193
2026-07-26T12:45:37Z ERR failed to serve tunnel connection error="datagram manager encountered a failure while serving" connIndex=0 event=0 ip=198.41.200.193
2026-07-26T12:45:37Z ERR Serve tunnel error error="datagram manager encountered a failure while serving" connIndex=0 event=0 ip=198.41.200.193
2026-07-26T12:45:37Z INF Retrying connection in up to 1s connIndex=0 event=0 ip=198.41.200.193
2026-07-26T13:01:49Z INF Tunnel connection curve preferences: [X25519MLKEM768 CurveID(65074) CurveP256] connIndex=0 event=0 ip=198.41.200.193
2026-07-26T13:01:50Z INF Registered tunnel connection connIndex=0 connection=6d1ebebc-d4c4-49bc-8be1-6c04fa97b9f3 event=0 ip=198.41.200.193 location=ewr14 protocol=quic
2026-07-26T13:18:31Z ERR failed to accept incoming stream requests error="failed to accept QUIC stream: timeout: no recent network activity" connIndex=0 event=0 ip=198.41.200.193
2026-07-26T13:18:31Z ERR failed to run the datagram handler error="timeout: no recent network activity" connIndex=0 event=0 ip=198.41.200.193
2026-07-26T13:18:32Z ERR failed to serve tunnel connection error="accept stream listener encountered a failure while serving" connIndex=0 event=0 ip=198.41.200.193
2026-07-26T13:18:33Z ERR Serve tunnel error error="accept stream listener encountered a failure while serving" connIndex=0 event=0 ip=198.41.200.193
2026-07-26T13:18:33Z INF Retrying connection in up to 1s connIndex=0 event=0 ip=198.41.200.193
2026-07-26T13:18:35Z INF Tunnel connection curve preferences: [X25519MLKEM768 CurveID(65074) CurveP256] connIndex=0 event=0 ip=198.41.200.193
2026-07-26T13:18:38Z INF Registered tunnel connection connIndex=0 connection=6e31fd19-2474-4274-aa71-29c07a0dbc15 event=0 ip=198.41.200.193 location=ewr14 protocol=quic
2026-07-26T13:26:54Z ERR failed to accept incoming stream requests error="failed to accept QUIC stream: timeout: no recent network activity" connIndex=0 event=0 ip=198.41.200.193
2026-07-26T13:26:54Z ERR failed to run the datagram handler error="timeout: no recent network activity" connIndex=0 event=0 ip=198.41.200.193
2026-07-26T13:26:54Z ERR failed to serve tunnel connection error="accept stream listener encountered a failure while serving" connIndex=0 event=0 ip=198.41.200.193
2026-07-26T13:26:54Z ERR Serve tunnel error error="accept stream listener encountered a failure while serving" connIndex=0 event=0 ip=198.41.200.193
2026-07-26T13:26:54Z INF Retrying connection in up to 1s connIndex=0 event=0 ip=198.41.200.193
2026-07-26T13:26:55Z INF Tunnel connection curve preferences: [X25519MLKEM768 CurveID(65074) CurveP256] connIndex=0 event=0 ip=198.41.200.193
2026-07-26T13:26:55Z INF Registered tunnel connection connIndex=0 connection=92accc5d-e183-4189-bea4-e592e508ced7 event=0 ip=198.41.200.193 location=ewr14 protocol=quic
2026-07-26T13:43:17Z ERR failed to accept incoming stream requests error="failed to accept QUIC stream: timeout: no recent network activity" connIndex=0 event=0 ip=198.41.200.193
2026-07-26T13:43:17Z ERR failed to run the datagram handler error="timeout: no recent network activity" connIndex=0 event=0 ip=198.41.200.193
2026-07-26T13:43:17Z ERR failed to serve tunnel connection error="accept stream listener encountered a failure while serving" connIndex=0 event=0 ip=198.41.200.193
2026-07-26T13:43:17Z ERR Serve tunnel error error="accept stream listener encountered a failure while serving" connIndex=0 event=0 ip=198.41.200.193
2026-07-26T13:43:17Z INF Retrying connection in up to 1s connIndex=0 event=0 ip=198.41.200.193
2026-07-26T13:52:09Z INF Tunnel connection curve preferences: [X25519MLKEM768 CurveID(65074) CurveP256] connIndex=0 event=0 ip=198.41.200.193
2026-07-26T13:52:09Z INF Registered tunnel connection connIndex=0 connection=e73459b2-8808-4682-942f-a6765cf6f7d1 event=0 ip=198.41.200.193 location=ewr14 protocol=quic
2026-07-26T13:52:12Z INF Tunnel connection curve preferences: [X25519MLKEM768 CurveID(65074) CurveP256] connIndex=1 event=0 ip=2606:4700:a0::2
2026-07-26T13:52:12Z INF Tunnel connection curve preferences: [X25519MLKEM768 CurveID(65074) CurveP256] connIndex=3 event=0 ip=2606:4700:a8::9
2026-07-26T13:52:12Z INF Tunnel connection curve preferences: [X25519MLKEM768 CurveID(65074) CurveP256] connIndex=2 event=0 ip=2606:4700:a0::4
2026-07-26T13:52:12Z INF Registered tunnel connection connIndex=1 connection=b35c90b6-1ca8-432d-a21d-040deafcc6af event=0 ip=2606:4700:a0::2 location=ewr13 protocol=quic
2026-07-26T13:52:12Z INF Registered tunnel connection connIndex=2 connection=6723c063-ad7e-4b61-ac4f-0596bba95646 event=0 ip=2606:4700:a0::4 location=ewr05 protocol=quic
2026-07-26T13:52:12Z INF Registered tunnel connection connIndex=3 connection=468e6e9c-8142-49d7-b537-a238ca804867 event=0 ip=2606:4700:a8::9 location=ewr14 protocol=quic
2026-07-26T14:00:59Z ERR failed to run the datagram handler error="timeout: no recent network activity" connIndex=0 event=0 ip=198.41.200.193
2026-07-26T14:00:59Z ERR failed to accept incoming stream requests error="failed to accept QUIC stream: timeout: no recent network activity" connIndex=0 event=0 ip=198.41.200.193
2026-07-26T14:00:59Z WRN failed to serve tunnel connection error="datagram manager encountered a failure while serving" connIndex=0 event=0 ip=198.41.200.193
2026-07-26T14:00:59Z WRN Serve tunnel error error="datagram manager encountered a failure while serving" connIndex=0 event=0 ip=198.41.200.193
2026-07-26T14:00:59Z INF Retrying connection in up to 1s connIndex=0 event=0 ip=198.41.200.193
2026-07-26T14:00:59Z ERR failed to accept incoming stream requests error="failed to accept QUIC stream: timeout: no recent network activity" connIndex=1 event=0 ip=2606:4700:a0::2
2026-07-26T14:00:59Z ERR failed to run the datagram handler error="context canceled" connIndex=1 event=0 ip=2606:4700:a0::2
2026-07-26T14:00:59Z WRN failed to serve tunnel connection error="accept stream listener encountered a failure while serving" connIndex=1 event=0 ip=2606:4700:a0::2
2026-07-26T14:00:59Z WRN Serve tunnel error error="accept stream listener encountered a failure while serving" connIndex=1 event=0 ip=2606:4700:a0::2
2026-07-26T14:00:59Z INF Retrying connection in up to 1s connIndex=1 event=0 ip=2606:4700:a0::2
2026-07-26T14:01:00Z ERR failed to accept incoming stream requests error="failed to accept QUIC stream: timeout: no recent network activity" connIndex=3 event=0 ip=2606:4700:a8::9
2026-07-26T14:01:00Z ERR failed to run the datagram handler error="context canceled" connIndex=3 event=0 ip=2606:4700:a8::9
2026-07-26T14:01:00Z WRN failed to serve tunnel connection error="accept stream listener encountered a failure while serving" connIndex=3 event=0 ip=2606:4700:a8::9
2026-07-26T14:01:00Z WRN Serve tunnel error error="accept stream listener encountered a failure while serving" connIndex=3 event=0 ip=2606:4700:a8::9
2026-07-26T14:01:00Z INF Retrying connection in up to 1s connIndex=3 event=0 ip=2606:4700:a8::9
2026-07-26T14:01:00Z ERR failed to accept incoming stream requests error="failed to accept QUIC stream: timeout: no recent network activity" connIndex=2 event=0 ip=2606:4700:a0::4
2026-07-26T14:01:00Z ERR failed to run the datagram handler error="context canceled" connIndex=2 event=0 ip=2606:4700:a0::4
2026-07-26T14:01:00Z ERR failed to serve tunnel connection error="accept stream listener encountered a failure while serving" connIndex=2 event=0 ip=2606:4700:a0::4
2026-07-26T14:01:00Z ERR Serve tunnel error error="accept stream listener encountered a failure while serving" connIndex=2 event=0 ip=2606:4700:a0::4
2026-07-26T14:01:00Z INF Retrying connection in up to 1s connIndex=2 event=0 ip=2606:4700:a0::4
2026-07-26T14:01:00Z ERR Connection terminated error="accept stream listener encountered a failure while serving" connIndex=1
2026-07-26T14:01:01Z INF Tunnel connection curve preferences: [X25519MLKEM768 CurveID(65074) CurveP256] connIndex=0 event=0 ip=198.41.200.193
2026-07-26T14:01:01Z ERR Connection terminated error="accept stream listener encountered a failure while serving" connIndex=3
2026-07-26T14:01:01Z INF Registered tunnel connection connIndex=0 connection=9ee16247-9a9c-4e75-b131-dbaa587cd0f4 event=0 ip=198.41.200.193 location=ewr14 protocol=quic
2026-07-26T14:01:02Z WRN Connection terminated error="accept stream listener encountered a failure while serving" connIndex=2
2026-07-26T14:01:36Z INF Tunnel connection curve preferences: [X25519MLKEM768 CurveID(65074) CurveP256] connIndex=1 event=0 ip=2606:4700:a0::2
2026-07-26T14:01:36Z INF Tunnel connection curve preferences: [X25519MLKEM768 CurveID(65074) CurveP256] connIndex=2 event=0 ip=2606:4700:a0::4
2026-07-26T14:01:36Z INF Tunnel connection curve preferences: [X25519MLKEM768 CurveID(65074) CurveP256] connIndex=3 event=0 ip=2606:4700:a8::9
2026-07-26T14:01:36Z INF Registered tunnel connection connIndex=1 connection=9150a163-27bf-4dd3-8511-4766439ef464 event=0 ip=2606:4700:a0::2 location=ewr13 protocol=quic
2026-07-26T14:01:36Z INF Registered tunnel connection connIndex=2 connection=fd4de1b0-a6a9-4b8b-b7c4-b44f6abcb6b7 event=0 ip=2606:4700:a0::4 location=ewr05 protocol=quic
2026-07-26T14:01:36Z INF Registered tunnel connection connIndex=3 connection=b1fb9ada-a0a3-4f8e-bbb3-8676c60ead8e event=0 ip=2606:4700:a8::9 location=ewr14 protocol=quic
2026-07-26T14:18:07Z ERR failed to accept incoming stream requests error="failed to accept QUIC stream: timeout: no recent network activity" connIndex=3 event=0 ip=2606:4700:a8::9
2026-07-26T14:18:07Z ERR failed to accept incoming stream requests error="failed to accept QUIC stream: timeout: no recent network activity" connIndex=1 event=0 ip=2606:4700:a0::2
2026-07-26T14:18:07Z ERR failed to run the datagram handler error="timeout: no recent network activity" connIndex=1 event=0 ip=2606:4700:a0::2
2026-07-26T14:18:07Z ERR failed to run the datagram handler error="timeout: no recent network activity" connIndex=3 event=0 ip=2606:4700:a8::9
2026-07-26T14:18:07Z WRN failed to serve tunnel connection error="accept stream listener encountered a failure while serving" connIndex=1 event=0 ip=2606:4700:a0::2
2026-07-26T14:18:07Z WRN failed to serve tunnel connection error="accept stream listener encountered a failure while serving" connIndex=3 event=0 ip=2606:4700:a8::9
2026-07-26T14:18:07Z WRN Serve tunnel error error="accept stream listener encountered a failure while serving" connIndex=1 event=0 ip=2606:4700:a0::2
2026-07-26T14:18:07Z WRN Serve tunnel error error="accept stream listener encountered a failure while serving" connIndex=3 event=0 ip=2606:4700:a8::9
2026-07-26T14:18:07Z INF Retrying connection in up to 1s connIndex=3 event=0 ip=2606:4700:a8::9
2026-07-26T14:18:07Z INF Retrying connection in up to 1s connIndex=1 event=0 ip=2606:4700:a0::2
2026-07-26T14:18:08Z ERR failed to accept incoming stream requests error="failed to accept QUIC stream: timeout: no recent network activity" connIndex=0 event=0 ip=198.41.200.193
2026-07-26T14:18:08Z ERR failed to run the datagram handler error="context canceled" connIndex=0 event=0 ip=198.41.200.193
2026-07-26T14:18:08Z WRN failed to serve tunnel connection error="accept stream listener encountered a failure while serving" connIndex=0 event=0 ip=198.41.200.193
2026-07-26T14:18:08Z WRN Serve tunnel error error="accept stream listener encountered a failure while serving" connIndex=0 event=0 ip=198.41.200.193
2026-07-26T14:18:08Z INF Retrying connection in up to 1s connIndex=0 event=0 ip=198.41.200.193
2026-07-26T14:18:08Z ERR failed to accept incoming stream requests error="failed to accept QUIC stream: timeout: no recent network activity" connIndex=2 event=0 ip=2606:4700:a0::4
2026-07-26T14:18:08Z ERR failed to run the datagram handler error="timeout: no recent network activity" connIndex=2 event=0 ip=2606:4700:a0::4
2026-07-26T14:18:08Z ERR failed to serve tunnel connection error="accept stream listener encountered a failure while serving" connIndex=2 event=0 ip=2606:4700:a0::4
2026-07-26T14:18:08Z ERR Serve tunnel error error="accept stream listener encountered a failure while serving" connIndex=2 event=0 ip=2606:4700:a0::4
2026-07-26T14:18:08Z INF Retrying connection in up to 1s connIndex=2 event=0 ip=2606:4700:a0::4
2026-07-26T14:27:52Z ERR Connection terminated error="accept stream listener encountered a failure while serving" connIndex=1
2026-07-26T14:27:52Z ERR Connection terminated error="accept stream listener encountered a failure while serving" connIndex=3
2026-07-26T14:27:52Z INF Tunnel connection curve preferences: [X25519MLKEM768 CurveID(65074) CurveP256] connIndex=0 event=0 ip=198.41.200.193
2026-07-26T14:27:52Z ERR Connection terminated error="accept stream listener encountered a failure while serving" connIndex=2
2026-07-26T14:27:52Z INF Registered tunnel connection connIndex=0 connection=5c22eb87-d53e-4dd4-9c7d-628689cb3484 event=0 ip=198.41.200.193 location=ewr14 protocol=quic
2026-07-26T14:27:55Z INF Tunnel connection curve preferences: [X25519MLKEM768 CurveID(65074) CurveP256] connIndex=2 event=0 ip=2606:4700:a0::4
2026-07-26T14:27:55Z INF Tunnel connection curve preferences: [X25519MLKEM768 CurveID(65074) CurveP256] connIndex=1 event=0 ip=2606:4700:a0::2
2026-07-26T14:27:55Z INF Tunnel connection curve preferences: [X25519MLKEM768 CurveID(65074) CurveP256] connIndex=3 event=0 ip=2606:4700:a8::9
2026-07-26T14:27:55Z INF Registered tunnel connection connIndex=1 connection=bbb1270c-6930-42f5-b52e-535b6e10c381 event=0 ip=2606:4700:a0::2 location=ewr13 protocol=quic
2026-07-26T14:27:55Z INF Registered tunnel connection connIndex=2 connection=e56ba16d-4b88-411f-81f7-8c7c81183435 event=0 ip=2606:4700:a0::4 location=ewr05 protocol=quic
2026-07-26T14:27:55Z INF Registered tunnel connection connIndex=3 connection=dfd8bf5b-e0f0-41a9-b161-e0eb420d3f11 event=0 ip=2606:4700:a8::9 location=ewr14 protocol=quic
2026-07-26T14:46:15Z ERR failed to accept incoming stream requests error="failed to accept QUIC stream: timeout: no recent network activity" connIndex=3 event=0 ip=2606:4700:a8::9
2026-07-26T14:46:15Z ERR failed to run the datagram handler error="timeout: no recent network activity" connIndex=3 event=0 ip=2606:4700:a8::9
2026-07-26T14:46:15Z WRN failed to serve tunnel connection error="accept stream listener encountered a failure while serving" connIndex=3 event=0 ip=2606:4700:a8::9
2026-07-26T14:46:15Z WRN Serve tunnel error error="accept stream listener encountered a failure while serving" connIndex=3 event=0 ip=2606:4700:a8::9
2026-07-26T14:46:15Z INF Retrying connection in up to 1s connIndex=3 event=0 ip=2606:4700:a8::9
2026-07-26T14:46:15Z ERR failed to accept incoming stream requests error="failed to accept QUIC stream: timeout: no recent network activity" connIndex=2 event=0 ip=2606:4700:a0::4
2026-07-26T14:46:15Z ERR failed to run the datagram handler error="timeout: no recent network activity" connIndex=2 event=0 ip=2606:4700:a0::4
2026-07-26T14:46:15Z WRN failed to serve tunnel connection error="accept stream listener encountered a failure while serving" connIndex=2 event=0 ip=2606:4700:a0::4
2026-07-26T14:46:15Z WRN Serve tunnel error error="accept stream listener encountered a failure while serving" connIndex=2 event=0 ip=2606:4700:a0::4
2026-07-26T14:46:15Z INF Retrying connection in up to 1s connIndex=2 event=0 ip=2606:4700:a0::4
2026-07-26T14:46:16Z ERR failed to accept incoming stream requests error="failed to accept QUIC stream: timeout: no recent network activity" connIndex=1 event=0 ip=2606:4700:a0::2
2026-07-26T14:46:16Z ERR failed to run the datagram handler error="timeout: no recent network activity" connIndex=1 event=0 ip=2606:4700:a0::2
2026-07-26T15:01:21Z WRN failed to serve tunnel connection error="accept stream listener encountered a failure while serving" connIndex=1 event=0 ip=2606:4700:a0::2
2026-07-26T15:01:21Z WRN Serve tunnel error error="accept stream listener encountered a failure while serving" connIndex=1 event=0 ip=2606:4700:a0::2
2026-07-26T15:01:21Z INF Retrying connection in up to 1s connIndex=1 event=0 ip=2606:4700:a0::2
2026-07-26T15:01:21Z WRN Connection terminated error="accept stream listener encountered a failure while serving" connIndex=3
2026-07-26T15:01:21Z ERR failed to accept incoming stream requests error="failed to accept QUIC stream: timeout: no recent network activity" connIndex=0 event=0 ip=198.41.200.193
2026-07-26T15:01:21Z ERR failed to run the datagram handler error="timeout: no recent network activity" connIndex=0 event=0 ip=198.41.200.193
2026-07-26T15:01:21Z ERR failed to serve tunnel connection error="accept stream listener encountered a failure while serving" connIndex=0 event=0 ip=198.41.200.193
2026-07-26T15:01:21Z ERR Serve tunnel error error="accept stream listener encountered a failure while serving" connIndex=0 event=0 ip=198.41.200.193
2026-07-26T15:01:21Z INF Retrying connection in up to 1s connIndex=0 event=0 ip=198.41.200.193
2026-07-26T15:01:21Z INF Tunnel connection curve preferences: [X25519MLKEM768 CurveID(65074) CurveP256] connIndex=0 event=0 ip=198.41.200.193
2026-07-26T15:01:21Z ERR Connection terminated error="accept stream listener encountered a failure while serving" connIndex=2
2026-07-26T15:01:21Z ERR Connection terminated error="accept stream listener encountered a failure while serving" connIndex=1
2026-07-26T15:01:21Z INF Registered tunnel connection connIndex=0 connection=421be236-8fb3-40d2-9c0a-05b7fe0ae467 event=0 ip=198.41.200.193 location=ewr14 protocol=quic
2026-07-26T15:17:02Z ERR failed to accept incoming stream requests error="failed to accept QUIC stream: timeout: no recent network activity" connIndex=0 event=0 ip=198.41.200.193
2026-07-26T15:17:02Z ERR failed to run the datagram handler error="timeout: no recent network activity" connIndex=0 event=0 ip=198.41.200.193
2026-07-26T15:17:02Z ERR failed to serve tunnel connection error="accept stream listener encountered a failure while serving" connIndex=0 event=0 ip=198.41.200.193
2026-07-26T15:17:02Z ERR Serve tunnel error error="accept stream listener encountered a failure while serving" connIndex=0 event=0 ip=198.41.200.193
2026-07-26T15:17:02Z INF Retrying connection in up to 1s connIndex=0 event=0 ip=198.41.200.193
2026-07-26T15:25:43Z INF Tunnel connection curve preferences: [X25519MLKEM768 CurveID(65074) CurveP256] connIndex=0 event=0 ip=198.41.200.193
2026-07-26T15:25:44Z INF Registered tunnel connection connIndex=0 connection=8889ca49-fea2-42c8-95a5-580e8083a1ee event=0 ip=198.41.200.193 location=ewr14 protocol=quic
2026-07-26T15:27:35Z ERR failed to accept incoming stream requests error="failed to accept QUIC stream: timeout: no recent network activity" connIndex=0 event=0 ip=198.41.200.193
2026-07-26T15:27:35Z ERR failed to run the datagram handler error="timeout: no recent network activity" connIndex=0 event=0 ip=198.41.200.193
2026-07-26T15:27:35Z ERR failed to serve tunnel connection error="accept stream listener encountered a failure while serving" connIndex=0 event=0 ip=198.41.200.193
2026-07-26T15:27:35Z ERR Serve tunnel error error="accept stream listener encountered a failure while serving" connIndex=0 event=0 ip=198.41.200.193
2026-07-26T15:27:35Z INF Retrying connection in up to 1s connIndex=0 event=0 ip=198.41.200.193
2026-07-26T15:27:37Z INF Tunnel connection curve preferences: [X25519MLKEM768 CurveID(65074) CurveP256] connIndex=0 event=0 ip=198.41.200.193
2026-07-26T15:27:37Z INF Registered tunnel connection connIndex=0 connection=72896f0d-d78b-4e1d-9e17-3cb16274e028 event=0 ip=198.41.200.193 location=ewr14 protocol=quic
2026-07-26T15:34:04Z ERR failed to accept incoming stream requests error="failed to accept QUIC stream: timeout: no recent network activity" connIndex=0 event=0 ip=198.41.200.193
2026-07-26T15:34:04Z ERR failed to run the datagram handler error="context canceled" connIndex=0 event=0 ip=198.41.200.193
2026-07-26T15:34:04Z ERR failed to serve tunnel connection error="accept stream listener encountered a failure while serving" connIndex=0 event=0 ip=198.41.200.193
2026-07-26T15:34:04Z ERR Serve tunnel error error="accept stream listener encountered a failure while serving" connIndex=0 event=0 ip=198.41.200.193
2026-07-26T15:34:04Z INF Retrying connection in up to 1s connIndex=0 event=0 ip=198.41.200.193
2026-07-26T15:34:06Z INF Tunnel connection curve preferences: [X25519MLKEM768 CurveID(65074) CurveP256] connIndex=0 event=0 ip=198.41.200.193
2026-07-26T15:34:06Z INF Registered tunnel connection connIndex=0 connection=ffdc9aa8-32d0-4c69-ab7c-109bfe41ff9a event=0 ip=198.41.200.193 location=ewr14 protocol=quic
2026-07-26T15:34:39Z INF Tunnel connection curve preferences: [X25519MLKEM768 CurveID(65074) CurveP256] connIndex=2 event=0 ip=2606:4700:a0::4
2026-07-26T15:34:39Z INF Tunnel connection curve preferences: [X25519MLKEM768 CurveID(65074) CurveP256] connIndex=3 event=0 ip=2606:4700:a8::9
2026-07-26T15:34:39Z INF Tunnel connection curve preferences: [X25519MLKEM768 CurveID(65074) CurveP256] connIndex=1 event=0 ip=2606:4700:a0::2
2026-07-26T15:34:39Z INF Registered tunnel connection connIndex=1 connection=a16eadf0-eaf3-408a-8206-035f34c0649b event=0 ip=2606:4700:a0::2 location=ewr13 protocol=quic
2026-07-26T15:34:39Z INF Registered tunnel connection connIndex=3 connection=1c4d5ef5-8846-4a5b-b4ea-dadc44c2fb4b event=0 ip=2606:4700:a8::9 location=ewr14 protocol=quic
2026-07-26T15:34:39Z INF Registered tunnel connection connIndex=2 connection=c84dc442-3963-4d26-ba0f-af0a76aa2642 event=0 ip=2606:4700:a0::4 location=ewr05 protocol=quic
